"Continent","Country","State_Code","State","Region","Province","County","City"
"Europe","DE",,"Nordrhein-Westfalen",,,"Bochum",
"North America","US",,"Texas",,,"Hartley",
"North America","US",,"Texas",,,"Menard",
"North America","US",,"North Carolina",,,"Craven",
"Europe","DE",,"Hessen",,,"Fulda",
"Europe","DE",,"Bayern",,,"Ansbach",
"Europe","IT",,,"Sicilia","Agrigento",,
"Europe","FR",,,"Alsace","Bas-Rhin",,
"Europe","DK",,,"Sjælland","Københavns amt",,
"Europe","GB",,"England",,"Kent",,
"North America","US",,"Maine",,,"Androscoggin",
"North America","US",,"North Carolina",,,"Cherokee",
"North America","US",,"Kentucky",,,"Monroe",
"North America","US",,"Illinois",,,"Lee",
"Europe","IT",,,"Abruzzi","Teramo",,
"Europe","DE",,"Niedersachsen",,,"Emden",
"North America","US",,"Kansas",,,"Finney",
"North America","US",,"PR",,,"Vega Alta",
"North America","US",,"Texas",,,"Angelina",
"North America","US",,"Texas",,,"Kerr",
"North America","US",,"Indiana",,,"Franklin",
"North America","US",,"South Carolina",,,"Bamberg",
"North America","US",,"Illinois",,,"Mcdonough",
"North America","US",,"Virginia",,,"Southampton",
"Europe","FR",,,"Provence-Alpes-Cote","Var",,
"North America","US",,"Minnesota",,,"Blue Earth",
"Europe","ES",,,"Pais Vasco","Vizcaya",,
"North America","US",,"Florida",,,"Brevard",
"North America","US",,"Georgia",,,"Fayette",
"North America","US",,"California",,,"Kern",
"Europe","DE",,"Mecklenburg-Vorpommern",,,"Greifswald",
"Europe","GB",,"England",,"South Humberside",,
"North America","US",,"Tennessee",,,"Carter",
"North America","US",,"Georgia",,,"Randolph",
"Europe","GB",,"England",,"West Midlands",,
"Europe","DE",,"Baden-Württemberg",,,"Mannheim",
"North America","US",,"PR",,,"Manati",
"North America","US",,"Oklahoma",,,"Custer",
"North America","US",,"Texas",,,"Palo Pinto",
"Europe","IT",,,"Friuli Venezia Giulia","Gorizia",,
"Europe","GB",,"England",,"Hertfordshire",,
"North America","US",,"Arizona",,,"Yavapai",
"Europe","BE",,,"Wallonia","Liège","Huy",
"North America","US",,"Wyoming",,,"Big Horn",
"North America","US",,"Illinois",,,"Woodford",
"North America","US",,"Tennessee",,,"White",
"North America","US",,"Georgia",,,"Irwin",
"Europe","GB",,"England",,"East Sussex",,
"North America","US",,"Alabama",,,"Elmore",
"North America","US",,"Illinois",,,"la Salle",
"North America","US",,"Tennessee",,,"Morgan",
"North America","US",,"New Jersey",,,"Burlington",
"Europe","FR",,,"Languedoc-Roussillon","Pyrenees-Orientales",,
"North America","US",,"Mississippi",,,"Holmes",
"North America","US",,"Georgia",,,"Decatur",
"Europe","ES",,,"Cataluña","Tarragona",,
"Europe","FR",,,"Rhone-Alpes","Drome",,
"North America","US",,"Indiana",,,"Dearborn",
"North America","US",,"Oklahoma",,,"Kingfisher",
"North America","US",,"Georgia",,,"Bartow",
"North America","US",,"Wisconsin",,,"Sauk",
"North America","US",,"West Virginia",,,"Ohio",
"North America","US",,"Pennsylvania",,,"Monroe",
"North America","US",,"Maryland",,,"Somerset",
"North America","US",,"Ohio",,,"Huron",
"North America","US",,"Missouri",,,"Randolph",
"North America","US",,"California",,,"Monterey",
"North America","US",,"Arkansas",,,"Jackson",
"Europe","BE",,,"Flanders","Oost-Vlaanderen","Gent",
"North America","US",,"Arizona",,,"Yuma",
"North America","US",,"Missouri",,,"Franklin",
"North America","US",,"Arkansas",,,"St. Francis",
"North America","US",,"Florida",,,"Lee",
"North America","US",,"Oklahoma",,,"Rogers",
"Europe","IT",,,"Basilicata","Matera",,
"North America","US",,"PR",,,"Barranquitas",
"North America","US",,"Pennsylvania",,,"Pike",
"Europe","FR",,,"Bretagne","Ille-Et-Vilaine",,
"North America","US",,"Illinois",,,"Logan",
"North America","US",,"Pennsylvania",,,"Westmoreland",
"North America","US",,"Illinois",,,"Madison",
"Europe","GB",,"England",,"Lancashire",,"Manchester"
"North America","US",,"Pennsylvania",,,"Blair",
"North America","US",,"Tennessee",,,"Sullivan",
"North America","US",,"Tennessee",,,"Loudon",
"North America","US",,"South Carolina",,,"Lancaster",
"North America","US",,"Arkansas",,,"Hot Spring",
"North America","US",,"Arkansas",,,"Pulaski",
"North America","US",,"Missouri",,,"Wayne",
"North America","US",,"Arkansas",,,"Marion",
"North America","US",,"California",,,"Napa",
"North America","US",,"Pennsylvania",,,"Lebanon",
"North America","US",,"New York",,,"Ulster",
"North America","US",,"Texas",,,"Henderson",
"Africa","NG",,,,,,
"Europe","DE",,"Rheinland-Pfalz",,,"Koblenz",
"North America","US",,"Alabama",,,"Tuscaloosa",
"North America","US",,"Georgia",,,"Fulton","Atlanta"
"North America","US",,"New York",,,"Nassau",
"North America","US",,"Virginia",,,"Charlottesville (City)",
"North America","US",,"California",,,"Lake",
"North America","US",,"Missouri",,,"Ray",
"North America","US",,"Colorado",,,"Douglas",
"North America","US",,"Virginia",,,"Hopewell (City)",
"North America","US",,"Florida",,,"Duval","Jacksonville"
"North America","US",,"Virginia",,,"Fairfax",
"North America","US",,"Utah",,,"Wayne",
"North America","US",,"Missouri",,,"Cape Girardeau",
"Europe","DE",,"Baden-Württemberg",,,"Stuttgart",
"North America","US",,"Texas",,,"Live Oak",
"North America","US",,"Michigan",,,"Calhoun",
"North America","US",,"Texas",,,"Smith",
"Europe","DE",,"Niedersachsen",,,"Hannover","Hannover"
"North America","US",,"Montana",,,"Jefferson",
"North America","US",,"Texas",,,"Tom Green",
"North America","US",,"Idaho",,,"Kootenai",
"North America","US",,"Indiana",,,"Delaware",
"North America","US",,"North Carolina",,,"Pender",
"North America","US",,"Missouri",,,"Texas",
"Europe","ES",,,"Asturias","Asturias",,
"North America","US",,"PR",,,"Lajas",
"North America","US",,"Arkansas",,,"Washington",
"Europe","DE",,"Rheinland-Pfalz",,,"Worms",
"North America","US",,"Texas",,,"Lee",
"North America","US",,"Kansas",,,"Franklin",
"North America","US",,"Delaware",,,"New Castle","Wilmington"
"North America","US",,"Ohio",,,"Seneca",
"Europe","DE",,"Nordrhein-Westfalen",,,"Kleve",
"North America","US",,"New Jersey",,,"Cumberland",
"Europe","BE",,,,"Antwerpen","Mechelen",
"North America","US",,"Florida",,,"Pasco",
"North America","US",,"Ohio",,,"Richland",
"North America","US",,"Tennessee",,,"Bedford",
"North America","US",,"Oregon",,,"Josephine",
"North America","US",,"Kentucky",,,"Mccracken",
"North America","US",,"California",,,"Los Angeles","Los Angeles"
"North America","US",,"Wisconsin",,,"Monroe",
"North America","US",,"Iowa",,,"Appanoose",
"North America","US",,"North Dakota",,,"Rolette",
"North America","US",,"North Carolina",,,"Harnett",
"North America","US",,"Georgia",,,"Fannin",
"Europe","BE",,,"Flanders","Antwerpen","Mechelen",
"North America","US",,"Arkansas",,,"Boone",
"North America","US",,"Georgia",,,"Walker",
"North America","US",,"Minnesota",,,"Todd",
"North America","US",,"Pennsylvania",,,"Venango",
"North America","US",,"Illinois",,,"Knox",
"North America","US",,"Texas",,,"Collin",
"North America","US",,"Missouri",,,"Platte",
"North America","US",,"Texas",,,"Dallas","Dallas"
"North America","US",,"Illinois",,,"Jackson",
"North America","US",,"Michigan",,,"St. Joseph",
"North America","US",,"Michigan",,,"Mackinac",
"North America","US",,"Pennsylvania",,,"Susquehanna",
"North America","US",,"Georgia",,,"Tift",
"Europe","FR",,,"Midi-Pyrenees","Tarn-Et-Garonne",,
"Europe","DE",,"Rheinland-Pfalz",,,"Neuwied",
"Europe","IT",,,"Lombardia","Cremona",,
"North America","US",,"New Mexico",,,"Santa Fe","Santa Fe"
"Europe","BG",,,,,,
"North America","US",,"Georgia",,,"Dodge",
"North America","US",,"California",,,"Solano",
"North America","US",,"North Carolina",,,"Union",
"Europe","DE",,,,,,"Walldorf"
"North America","US",,"New Jersey",,,"Warren",
"North America","US",,"Wisconsin",,,"Rock",
"North America","US",,"Missouri",,,"Lewis",
"North America","US",,"Ohio",,,"Lucas",
"Europe","DE",,"Hessen",,,"Wiesbaden",
"North America","US",,"West Virginia",,,"Berkeley",
"North America","US",,"Texas",,,"Denton",
"North America","US",,"PR",,,"San Sebastian",
"North America","US",,"Mississippi",,,"Lauderdale",
"North America","US",,"Mississippi",,,"Grenada",
"North America","US",,"Pennsylvania",,,"Erie",
"North America","US",,"Wisconsin",,,"Green",
"North America","US",,"Indiana",,,"Spencer",
"North America","US",,"Alabama",,,"Baldwin",
"North America","US",,"Oklahoma",,,"Canadian",
"Europe","DE",,"Bayern",,,"Würzburg",
"Europe","IT",,,"Puglia","Taranto",,
"North America","US",,"Arkansas",,,"Ashley",
"Europe","IT",,,"Molise","Isernia",,
"North America","CA",,"Alberta",,,,
"North America","US",,"Kansas",,,"Gove",
"North America","US",,"Minnesota",,,"Rice",
"North America","US",,"Maryland",,,"Howard",
"North America","US",,"Michigan",,,"Van Buren",
"North America","US",,"Alabama",,,"Colbert",
"North America","US",,"Alabama",,,"Limestone",
"North America","US",,"Indiana",,,"Montgomery",
"North America","US",,"Wisconsin",,,"Winnebago",
"North America","US",,"Kentucky",,,"Leslie",
"North America","US",,"Mississippi",,,"Hancock",
"Europe","IT",,,"Toscana","Siena",,
"North America","US",,"Virginia",,,"Petersburg (City)",
"Europe","GB",,"England",,"Derbyshire",,
"Europe","DE",,"Bayern",,,"Bayreuth",
"Europe","DK",,,"Jylland","Ringkøbing amt",,
"North America","US",,"Wisconsin",,,"Dunn",
"North America","US",,"Indiana",,,"Putnam",
"North America","US",,"New Hampshire",,,"Rockingham",
"North America","US",,"Ohio",,,"Hardin",
"North America","US",,"Alabama",,,"Tallapoosa",
"North America","US",,"Alabama",,,"Conecuh",
"North America","CA",,"British Columbia",,,,
"North America","US",,"Hawaii",,,"Honolulu",
"North America","US",,"Illinois",,,"Henderson",
"Europe","IT",,,"Lombardia","Sondrio",,
"North America","US",,"New York",,,"Erie",
"Europe","BE",,,"Bruxelles","Brussel-hoofdstad","Brussel-hoofdstad",
"North America","US",,"New York",,,"Wayne",
"North America","US",,"Georgia",,,"Clarke",
"North America","US",,"Florida",,,"Walton",
"North America","US",,"Florida",,,"Santa Rosa",
"North America","US",,"Louisiana",,,"Claiborne",
"North America","US",,"South Carolina",,,"Darlington",
"North America","US",,"Ohio",,,"Wood",
"North America","US",,"North Carolina",,,"Buncombe",
"North America","US",,"New Jersey",,,"Gloucester",
"North America","US",,"Maine",,,"Kennebec",
"North America","US",,"Washington",,,"Okanogan",
"Europe","BE",,,"Flanders","Brabant Wallon","Nivelles",
"North America","US",,"New York",,,"Otsego",
"North America","US",,"Illinois",,,"Putnam",
"North America","US",,"North Carolina",,,"Onslow",
"North America","US",,"Illinois",,,"Williamson",
"Europe","BE",,,,"Antwerpen","Turnhout",
"North America","US",,"Arkansas",,,"Grant",
"Europe","ES",,,"Extremadura","Caceres",,
"Europe","ES",,,"Andalucia","Sevilla",,
"North America","US",,"North Carolina",,,"Stanly",
"North America","US",,"Virginia",,,"Chesapeake (City)",
"North America","US",,"Wisconsin",,,"Dane",
"Europe","IT",,,"Emilia Romagna","Ravenna",,
"North America","US",,"PR",,,"Toa Alta",
"Europe","LT",,,,,,
"Europe","IT",,,"Marche","Macerata",,
"North America","US",,"Mississippi",,,"Coahoma",
"North America","US",,"Massachusetts",,,"Plymouth",
"North America","US",,"Nebraska",,,"Dakota",
"North America","US",,"California",,,"Orange",
"North America","US",,"PR",,,"Lares",
"North America","US",,"Michigan",,,"Benzie",
"Europe","DE",,"Baden-Württemberg",,,"Böblingen",
"North America","US",,"Utah",,,"Washington",
"Europe","IT",,,"Campania","Benevento",,
"North America","US",,"Tennessee",,,"Sumner",
"Europe","IT",,,"Abruzzi","l'Aquila",,
"Europe","GB",,"England",,"Hampshire",,
"North America","US",,"California",,,"Tuolumne",
"North America","US",,"North Dakota",,,"Mcintosh",
"North America","US",,"Wisconsin",,,"Barron",
"North America","US",,"South Carolina",,,"Sumter",
"North America","US",,"Georgia",,,"Appling",
"Europe","BE",,,"Flanders","Limburg","Tongeren",
"North America","US",,"Texas",,,"Navarro",
"North America","US",,"Florida",,,"Hillsborough",
"North America","US",,"North Dakota",,,"Nelson",
"Europe","DE",,"Brandenburg",,,"Cottbus",
"Europe","DE",,"Bayern",,,"Neu-Ulm",
"North America","US",,"New York",,,"Jefferson",
"North America","US",,"Ohio",,,"Delaware",
"North America","US",,"Delaware",,,"Chester",
"North America","US",,"Michigan",,,"Ottawa",
"North America","US",,"Arkansas",,,"Nevada",
"North America","US",,"Florida",,,"Okeechobee",
"North America","US",,"California",,,"Merced",
"North America","US",,"Minnesota",,,"Lake",
"Europe","IT",,,"Toscana","Arezzo",,
"North America","US",,"Virginia",,,"Grayson",
"North America","US",,"Louisiana",,,"East Feliciana",
"North America","US",,"PR",,,"Corozal",
"North America","US",,"Pennsylvania",,,"Luzerne",
"North America","US",,"Texas",,,"Robertson",
"Europe","GB",,"Wales",,"Gwynedd",,
"North America","US",,"Pennsylvania",,,"Somerset",
"North America","US",,"Louisiana",,,"St. Bernard",
"North America","US",,"California",,,"Yolo",
"Europe","IT",,,"Emilia Romagna","Ferrara",,
"North America","US",,"Georgia",,,"Catoosa",
"North America","US",,"Texas",,,"Tarrant",
"North America","US",,"District of Columbia",,,"District of Columbia",
"North America","US",,"Arizona",,,"Pima",
"North America","US",,"Oregon",,,"Yamhill",
"Europe","DE",,"Sachsen-Anhalt",,,"Magdeburg",
"Europe","DE",,,,,,"Koeln"
"North America","US",,"Arizona",,,"Maricopa",
"Europe","GB",,"England",,"Cornwall",,
"North America","US",,"Missouri",,,"Warren",
"Europe","IT",,,"Toscana","Pistoia",,
"North America","US",,"Ohio",,,"Summit",
"North America","US",,"Texas",,,"Washington",
"Europe","DE",,"Schleswig-Holstein",,,"Neumünster",
"North America","US",,"Vermont",,,"Addison",
"Europe","ES",,,"Castilla la Mancha","Ciudad Real",,
"North America","US",,"Louisiana",,,"East Baton Rouge",
"Europe","GB",,"England",,"West Yorkshire",,
"Europe","FR",,,"Poitou-Charentes","Charente",,
"Europe","GB",,"England",,"Oxfordshire",,
"North America","US",,"North Carolina",,,"Columbus",
"North America","US",,"California",,,"San Francisco","San Francisco"
"Europe","FR",,,"Auvergne","Cantal",,
"North America","US",,"Georgia",,,"Whitfield",
"North America","US",,"Missouri",,,"Ralls",
"North America","US",,"Washington",,,"Island",
"North America","US",,"South Carolina",,,"Greenville",
"North America","US",,"South Dakota",,,"Moody",
"North America","US",,"West Virginia",,,"Wayne",
"North America","US",,"Indiana",,,"Warren",
"North America","US",,"Maine",,,"Cumberland",
"North America","US",,"Kansas",,,"Hodgeman",
"North America","US",,"Maryland",,,"Baltimore (City)",
"Europe","FR",,,"Haute-Normandie","Seine-Maritime",,
"North America","US",,"Texas",,,"Potter",
"Europe","DE",,,,,,"Muenchen"
"North America","US",,"Arizona",,,"Santa Cruz",
"Europe","DE",,"Sachsen-Anhalt",,,"Merseburg",
"Europe","DE",,"Nordrhein-Westfalen",,,"Neuss",
"North America","US",,"Texas",,,"Montague",
"North America","US",,"Wisconsin",,,"Milwaukee",
"North America","US",,"Ohio",,,"Sandusky",
"North America","US",,"New York",,,"Orange",
"North America","US",,"Virginia",,,"Montgomery",
"Europe","IT",,,"Campania","Napoli",,
"North America","US",,"Florida",,,"Polk",
"North America","US",,"Alabama",,,"Lee",
"Europe","DE",,"Bremen",,,"Bremen","Bremen"
"North America","US",,"Virginia",,,"Brunswick",
"North America","US",,"Michigan",,,"Oakland",
"North America","US",,"Arizona",,,"Cochise",
"North America","US",,"Virginia",,,"Rockingham",
"North America","US",,"Texas",,,"Bastrop",
"North America","US",,"Louisiana",,,"Washington",
"North America","US",,"New York",,,"Dutchess",
"North America","US",,"Alabama",,,"Franklin",
"Europe","DE",,"Baden-Württemberg",,,"Konstanz",
"North America","US",,"Illinois",,,"Wayne",
"Europe","FR",,,"Bretagne","Finistere",,
"North America","US",,"Georgia",,,"Washington",
"Europe","GB",,"England",,"Devon",,
"North America","US",,"Ohio",,,"Clermont",
"Europe","DE",,"Nordrhein-Westfalen",,,"Mettmann",
"North America","US",,"Georgia",,,"Bibb",
"Europe","FR",,,"Champagne-Ardenne","Aube",,
"North America","US",,"Virginia",,,"Danville (City)",
"North America","US",,"Illinois",,,"Cook","Chicago"
"North America","US",,"Texas",,,"Jones",
"North America","US",,"California",,,"Inyo",
"Europe","IT",,,"Toscana","Pisa",,
"North America","US",,"Kentucky",,,"Clark",
"North America","US",,"PR",,,"Maricao",
"North America","US",,"New York",,,"Schoharie",
"Europe","GB",,"England",,"West Sussex",,
"North America","US",,"Michigan",,,"Muskegon",
"North America","US",,"Georgia",,,"Floyd",
"North America","US",,"West Virginia",,,"Wetzel",
"Australia/Pacific","AU",,,"Tasmania",,,
"North America","US",,"Colorado",,,"Garfield",
"Europe","DE",,"Baden-Württemberg",,,"Karlsruhe","Karlsruhe"
"North America","US",,"Kentucky",,,"Elliott",
"Europe","ES",,,"Canarias","Gran Canaria",,
"North America","US",,"Minnesota",,,"Hennepin",
"Europe","GB",,"England",,"Dorset",,
"Europe","BE",,,"Flanders","West-Vlaanderen","Veurne",
"North America","US",,"Iowa",,,"Mahaska",
"North America","US",,"Michigan",,,"Allegan",
"North America","US",,"Mississippi",,,"Forrest",
"North America","US",,"Alabama",,,"Montgomery",
"North America","US",,"Florida",,,"Marion",
"Europe","GB",,"England",,"Bedfordshire",,
"Europe","FR",,,"Ile-de-France","Paris",,"Paris"
"Europe","FR",,,"Pays-de-la-Loire","Loire-Atlantique",,
"North America","US",,"Wisconsin",,,"Waukesha",
"North America","US",,"Florida",,,"Escambia",
"Europe","BE",,,"Flanders","Oost-Vlaanderen","Eeklo",
"North America","US",,"West Virginia",,,"Randolph",
"North America","US",,"Virginia",,,"Bland",
"Europe","DE",,"Rheinland-Pfalz",,,"Bad Kreuznach",
"North America","US",,"Georgia",,,"Brantley",
"North America","US",,"North Carolina",,,"Dare",
"Europe","ES",,,"Castilla Y Leon","Avila",,
"North America","US",,"Mississippi",,,"Pearl River",
"North America","US",,"Kentucky",,,"Jessamine",
"North America","US",,"Georgia",,,"Dougherty",
"Europe","IT",,,"Liguria","la Spezia",,
"North America","US",,"North Dakota",,,"Emmons","Bismarck"
"North America","US",,"Indiana",,,"Laporte",
"North America","US",,"Iowa",,,"Linn",
"North America","US",,"North Carolina",,,"Forsyth",
"North America","US",,"Pennsylvania",,,"Mckean",
"North America","US",,"Texas",,,"Williamson",
"North America","US",,"Louisiana",,,"St. Martin",
"Europe","IT",,,"Toscana","Livorno",,
"North America","US",,"Texas",,,"Coleman",
"North America","US",,"New Mexico",,,"Sierra",
"Europe","ES",,,"Cataluña","Barcelona",,
"Europe","GB",,"England",,"Herefordshire",,
"North America","US",,"Colorado",,,"Denver",
"North America","US",,"Montana",,,"Flathead",
"North America","US",,"North Dakota",,,"Ward",
"Europe","DE",,"Bayern",,,"Bamberg",
"North America","US",,"California",,,"San Mateo",
"Europe","ES",,,"Baleares","Baleares",,
"Europe","DE",,"Berlin",,,"Berlin","Berlin"
"North America","US",,"New Hampshire",,,"Belknap",
"North America","US",,"Illinois",,,"Stark",
"Europe","IT",,,"Veneto","Treviso",,
"North America","US",,"Arkansas",,,"Phillips",
"North America","US",,"Texas",,,"Rockwall",
"North America","US",,"Wisconsin",,,"Manitowoc",
"North America","US",,"PR",,,"Anasco",
"North America","US",,"Texas",,,"Wise",
"North America","US",,"Iowa",,,"Dickinson",
"North America","US",,"Wisconsin",,,"Eau Claire",
"North America","US",,"Nebraska",,,"Sheridan",
"North America","US",,"Louisiana",,,"Orleans",
"Europe","IT",,,"Sardegna","Nuoro",,
"North America","US",,"New Jersey",,,"Middlesex",
"North America","US",,"New York",,,"New York","New York"
"North America","US",,"Oregon",,,"Coos",
"North America","US",,"Texas",,,"Grimes",
"Africa","MA",,,,,,
"Europe","ES",,,"Extremadura","Badajoz",,
"Europe","BE",,,"Wallonia","Luxembourg","Arlon",
"North America","US",,"Louisiana",,,"Calcasieu",
"Europe","BE",,,"Flanders","Oost-Vlaanderen","Oudenaarde",
"North America","US",,"North Carolina",,,"Caldwell",
"North America","US",,"New York",,,"Kings",
"Europe","DE",,"Nordrhein-Westfalen",,,"Siegen",
"North America","US",,"Maryland",,,"Anne Arundel",
"North America","US",,"Ohio",,,"Carroll",
"North America","US",,"Texas",,,"Rains",
"Europe","GB",,,,,,"London"
"North America","US",,"Utah",,,"Sevier",
"Europe","DE",,"Nordrhein-Westfalen",,,"Warendorf",
"North America","US",,"New Jersey",,,"Essex",
"North America","US",,"Ohio",,,"Jefferson",
"North America","CA",,"Ontario",,,,
"Europe","HU",,,,,,
"North America","US",,"Michigan",,,"Ingham",
"North America","US",,"Texas",,,"Jim Wells",
"North America","US",,"Tennessee",,,"Williamson",
"Europe","FR",,,"Languedoc-Roussillon","Lozere",,
"North America","US",,"Nebraska",,,"Saline",
"North America","US",,"Nebraska",,,"Hall",
"North America","US",,"Ohio",,,"Coshocton",
"North America","US",,"Pennsylvania",,,"Lehigh",
"Europe","DE",,"Sachsen-Anhalt",,,"Staßfurt",
"North America","US",,"Ohio",,,"Knox",
"North America","US",,"California",,,"Contra Costa","Antioch"
"Europe","FR",,,"Pays-de-la-Loire","Maine-Et-Loire",,
"North America","US",,"Pennsylvania",,,"Beaver",
"North America","US",,"Georgia",,,"Oconee",
"North America","US",,"Florida",,,"Flagler",
"North America","US",,"Illinois",,,"Perry",
"North America","US",,"Oklahoma",,,"Le Flore",
"North America","US",,"Oklahoma",,,"Payne",
"North America","US",,"Iowa",,,"Dubuque",
"Europe","BE",,,"Flanders","West-Vlaanderen","Ieper",
"Europe","GB",,"England",,"North Yorkshire",,
"North America","US",,"Florida",,,"Charlotte",
"North America","US",,"Georgia",,,"Henry",
"North America","US",,"Kentucky",,,"Christian",
"Europe","ES",,,"Madrid","Madrid",,"Madrid"
"North America","US",,"Wisconsin",,,"Bayfield",
"North America","US",,"Missouri",,,"Lawrence",
"North America","US",,"Georgia",,,"Carroll",
"North America","US",,"Kentucky",,,"Carroll",
"North America","US",,"North Carolina",,,"Cabarrus",
"North America","US",,"Kansas",,,"Ellis",
"North America","US",,"Pennsylvania",,,"Tioga",
"North America","US",,"North Carolina",,,"Nash",
"North America","US",,"Arkansas",,,"Yell",
"North America","US",,"California",,,"Alameda",
"North America","US",,"Oregon",,,"Crook",
"North America","US",,"Illinois",,,"Champaign",
"North America","US",,"Louisiana",,,"Livingston",
"North America","US",,"Indiana",,,"Bartholomew",
"North America","US",,"Montana",,,"Ravalli",
"North America","US",,"Virginia",,,"Waynesboro (City)",
"Europe","DK",,,"Jylland","Århus amt",,
"North America","US",,"Mississippi",,,"Marshall",
"North America","US",,"Washington",,,"Whatcom",
"North America","US",,"Kansas",,,"Rawlins",
"North America","US",,"Kentucky",,,"Franklin",
"North America","US",,"Louisiana",,,"St. Landry",
"North America","US",,"Michigan",,,"Genesee",
"Europe","IT",,,"Veneto","Padova",,
"North America","US",,"Louisiana",,,"St. Tammany",
"Europe","DE",,"Bremen",,,"Bremerhaven",
"North America","US",,"Florida",,,"Manatee",
"Europe","DE",,"Baden-Württemberg",,,"Schwäbisch Hall",
"North America","US",,"Texas",,,"Brazos",
"North America","US",,"North Carolina",,,"Graham",
"North America","US",,"Ohio",,,"Greene",
"North America","US",,"Florida",,,"Hernando",
"Europe","FR",,,"Midi-Pyrenees","Haute-Garonne",,
"Europe","IE",,,,,,
"Europe","DK",,,"Sjælland","Københavns kommune",,
"North America","US",,"North Dakota",,,"Traill",
"North America","US",,"New Jersey",,,"Mercer",
"North America","US",,"Florida",,,"Collier",
"North America","US",,"Maine",,,"Knox",
"Europe","GB",,"England",,"Suffolk",,
"North America","US",,"Maine",,,"York",
"Europe","DE",,"Bayern",,,"Kempten",
"Europe","IT",,,"Marche","Ascoli Piceno",,
"North America","US",,"Kentucky",,,"Breckinridge",
"North America","US",,"Kentucky",,,"Woodford",
"Europe","FR",,,"Rhone-Alpes","Isere",,
"North America","US",,"Ohio",,,"Lawrence",
"Europe","BE",,,,"Liège","Liège",
"North America","US",,"Utah",,,"Sanpete",
"North America","US",,"Iowa",,,"Woodbury",
"North America","US",,"New Jersey",,,"Hunterdon",
"North America","US",,"Virginia",,,"Henry",
"Europe","GB",,"England",,"Somerset",,
"North America","US",,"Maine",,,"Penobscot",
"Europe","DE",,"Baden-Württemberg",,,"Heidelberg",
"Europe","DK",,,"Sjælland","Roskilde amt",,
"North America","US",,"Kentucky",,,"Hopkins",
"North America","US",,"Virginia",,,"Fredericksburg",
"North America","US",,"New York",,,"Steuben",
"Europe","DE",,"Bayern",,,"Fürth",
"North America","US",,"Illinois",,,"Fulton",
"North America","US",,"Alabama",,,"Jefferson",
"North America","US",,"Texas",,,"Panola",
"North America","US",,"Louisiana",,,"Catahoula",
"North America","US",,"Florida",,,"Nassau",
"North America","US",,"Louisiana",,,"Jefferson",
"North America","US",,"Illinois",,,"Mchenry",
"North America","US",,"Minnesota",,,"Scott",
"North America","US",,"Mississippi",,,"Rankin",
"North America","US",,"Indiana",,,"Wayne",
"North America","US",,"South Carolina",,,"Abbeville",
"North America","US",,"Texas",,,"El Paso",
"Europe","GB",,"Northern Ireland",,"County Down",,
"North America","US",,"Illinois",,,"Fayette",
"North America","US",,"Oklahoma",,,"Okfuskee",
"Europe","DE",,"Nordrhein-Westfalen",,,"Remscheid",
"Europe","ES",,,"Galicia","Orense",,
"North America","US",,"Michigan",,,"Huron",
"North America","US",,"Indiana",,,"Elkhart",
"North America","US",,"Tennessee",,,"Madison",
"North America","US",,"Colorado",,,"Adams",
"Europe","IT",,,,,,
"Europe","DE",,"Hessen",,,"Darmstadt",
"Europe","IT",,,"Marche","Ancona",,
"Europe","FR",,,"Rhone-Alpes","Haute-Savoie",,
"North America","US",,"Indiana",,,"Noble",
"North America","US",,"New York",,,"Fulton",
"North America","US",,"Virginia",,,"Alleghany",
"North America","US",,"Texas",,,"Travis",
"North America","US",,"New Jersey",,,"Somerset",
"North America","US",,"Iowa",,,"Clinton",
"North America","US",,"Texas",,,"Houston",
"North America","US",,"North Carolina",,,"Richmond",
"Europe","DE",,"Niedersachsen",,,"Osnabrück",
"North America","US",,"Washington",,,"Thurston",
"North America","US",,"Hawaii",,,"Kauai",
"North America","US",,"Colorado",,,"Jefferson",
"Europe","FR",,,"Champagne-Ardenne","Marne",,
"North America","US",,"Connecticut",,,"New London",
"North America","US",,"Ohio",,,"Belmont",
"North America","US",,"New York",,,"Cortland",
"Europe","FR",,,"Alsace","Haut-Rhin",,
"Europe","DE",,"Niedersachsen",,,"Wilhelmshaven",
"North America","US",,"Louisiana",,,"Acadia",
"North America","US",,"North Carolina",,,"Rockingham",
"North America","US",,"Missouri",,,"Buchanan",
"North America","US",,"Virginia",,,"Covington (City)",
"North America","US",,"North Carolina",,,"Alamance",
"North America","US",,"Ohio",,,"Trumbull",
"North America","US",,"Oregon",,,"Clackamas",
"North America","US",,"Maryland",,,"Calvert",
"North America","US",,"Indiana",,,"Starke",
"North America","US",,"Indiana",,,"Hendricks",
"North America","US",,"Minnesota",,,"Mower",
"Australia/Pacific","AU",,,"Victoria",,,
"North America","US",,"Illinois",,,"Kendall",
"North America","US",,"Pennsylvania",,,"Mifflin",
"North America","US",,"Pennsylvania",,,"Jefferson",
"North America","US",,"Maine",,,"Franklin",
"North America","US",,"North Carolina",,,"Sampson",
"North America","US",,"Tennessee",,,"Sevier",
"North America","US",,"Georgia",,,"Emanuel",
"North America","US",,"Indiana",,,"Marion",
"North America","US",,"Michigan",,,"Gogebic",
"Europe","ES",,,"Castilla la Mancha","Cuenca",,
"North America","US",,"Connecticut",,,"Fairfield",
"North America","US",,"Rhode Island",,,"Washington",
"North America","US",,"Alaska",,,"Northwest Arctic",
"North America","US",,"Kentucky",,,"Owen",
"Australia/Pacific","AU",,,"Queensland",,,
"North America","US",,"Missouri",,,"Jackson",
"North America","US",,"New York",,,"Queens",
"Europe","FR",,,"Ile-de-France","Hauts-de-Seine",,
"North America","US",,"Alabama",,,"Clarke",
"North America","US",,"Texas",,,"Lamar",
"Europe","GB",,"England",,"County Durham",,
"Europe","GB",,"Wales",,"South Glamorgan",,
"North America","US",,"Texas",,,"Taylor",
"North America","US",,"New York",,,"Niagara",
"North America","US",,"Alabama",,,"Cherokee",
"Europe","ES",,,"Castilla la Mancha","Guadalajara",,
"North America","US",,"Georgia",,,"Bulloch",
"North America","US",,"Pennsylvania",,,"Indiana",
"North America","US",,"Georgia",,,"Chatham",
"North America","US",,"Mississippi",,,"Monroe",
"Australia/Pacific","AU",,,"Australian Capital Territory",,,
"North America","US",,"Florida",,,"Lake",
"Europe","GB",,"England",,"Avon",,
"North America","US",,"Washington",,,"Cowlitz",
"North America","US",,"Pennsylvania",,,"Lackawanna",
"North America","US",,"Idaho",,,"Benewah",
"North America","US",,"Louisiana",,,"Natchitoches",
"North America","US",,"Illinois",,,"Clinton",
"Europe","DE",,"Nordrhein-Westfalen",,,"Solingen",
"North America","US",,"West Virginia",,,"Tucker",
"North America","US",,"Connecticut",,,"Windham",
"North America","US",,"Virginia",,,"Stafford",
"North America","US",,"Michigan",,,"Clinton",
"North America","US",,"West Virginia",,,"Monongalia",
"Europe","BE",,,,"Brussel-hoofdstad","Brussel-hoofdstad",
"North America","US",,"Arkansas",,,"Stone",
"North America","US",,"Virginia",,,"Tazewell",
"North America","US",,"Indiana",,,"Floyd",
"Europe","IT",,,"Lazio","Frosinone",,
"North America","US",,"Indiana",,,"Clark",
"North America","US",,"Arkansas",,,"Bradley",
"North America","US",,"South Carolina",,,"Orangeburg",
"Europe","GB",,"England",,"Nottinghamshire",,
"North America","US",,"Mississippi",,,"Jackson",
"North America","US",,"New Mexico",,,"Lea",
"Europe","DE",,"Nordrhein-Westfalen",,,"Paderborn",
"Europe","GR",,,,,,
"North America","US",,"Nebraska",,,"Lancaster",
"North America","US",,"Maryland",,,"Frederick",
"North America","US",,"North Carolina",,,"Wake",
"North America","US",,"Alabama",,,"Lauderdale",
"Europe","IT",,,"Sardegna","Cagliari",,
"Europe","IT",,,"Veneto","Belluno",,
"North America","US",,"Mississippi",,,"Stone",
"Europe","DE",,"Nordrhein-Westfalen",,,"Unna",
"Europe","BE",,,"Flanders",,,
"Europe","FR",,,"Centre","Indre",,
"North America","US",,"Oregon",,,"Klamath",
"Europe","DK",,,"Jylland","Sønderjyllands amt",,
"Europe","DE",,"Nordrhein-Westfalen",,,"Soest",
"North America","US",,"Mississippi",,,"Lawrence",
"Europe","DE",,"Thüringen",,,"Jena",
"North America","US",,"Michigan",,,"Monroe",
"North America","US",,"North Carolina",,,"Greene",
"Europe","BE",,,"Wallonia","Namur","Dinant",
"North America","US",,"Idaho",,,"Elmore",
"North America","US",,"Iowa",,,"Scott",
"Europe","GB",,"England",,"Warwickshire",,
"North America","US",,"Illinois",,,"Jefferson",
"North America","US",,"Louisiana",,,"Madison",
"Europe","FR",,,"Auvergne","Puy-de-Dome",,
"North America","US",,"Louisiana",,,"Lafayette",
"North America","US",,"Missouri",,,"St. Francois",
"North America","US",,"Pennsylvania",,,"Northampton",
"North America","US",,"Kentucky",,,"Taylor",
"Europe","IT",,,"Friuli Venezia Giulia","Pordenone",,
"North America","US",,"New Jersey",,,"Camden",
"North America","US",,"Kentucky",,,"Shelby",
"Europe","IT",,,"Abruzzi","Pescara",,
"North America","US",,"California",,,"Sonoma",
"Europe","DE",,"Bayern",,,"Nürnberg",
"Europe","IT",,,"Liguria","Savona",,
"North America","US",,"Ohio",,,"Union",
"Europe","IT",,,"Piemonte","Novara",,
"North America","US",,"Minnesota",,,"Swift",
"North America","US",,"PR",,,"Dorado",
"North America","US",,"North Dakota",,,"Cass",
"Australia/Pacific","AU",,,"New South Wales",,,
"Europe","DE",,"Nordrhein-Westfalen",,,"Krefeld",
"Europe","IT",,,"Calabria","Catanzaro",,
"North America","US",,"Georgia",,,"Macon",
"North America","US",,"Indiana",,,"Owen",
"Europe","IT",,,"Marche","Pesaro E Urbino",,
"North America","US",,"Virginia",,,"Madison",
"North America","US",,"Wisconsin",,,"Oneida",
"Europe","FR",,,"Nord-Pas-de-Calais","Pas-de-Calais",,
"North America","US",,"Missouri",,,"Cole",
"North America","US",,"Louisiana",,,"Jefferson Davis",
"Europe","IT",,,"Piemonte","Asti",,
"North America","US",,"Kansas",,,"Osborne",
"Europe","DE",,"Schleswig-Holstein",,,"Flensburg",
"Europe","DE",,"Niedersachsen",,,"Hildesheim",
"North America","US",,"North Carolina",,,"Mitchell",
"North America","US",,"Louisiana",,,"Rapides",
"Europe","FR",,,"Provence-Alpes-Cote","Alpes-Maritimes",,
"North America","US",,"Pennsylvania",,,"Washington",
"North America","US",,"North Carolina",,,"Cumberland",
"North America","US",,"Vermont",,,"Windsor",
"North America","US",,"Indiana",,,"Lake",
"North America","US",,"Michigan",,,"Macomb",
"North America","US",,"New York",,,"Rensselaer",
"Europe","BE",,,"Wallonia","Hainaut","Mons",
"Europe","IT",,,"Friuli Venezia Giulia","Trieste",,
"North America","US",,"Alabama",,,"Chilton",
"North America","US",,"Missouri",,,"Newton",
"North America","US",,"Michigan",,,"Kent",
"North America","US",,"New York",,,"Oneida",
"Europe","FR",,,"Pays-de-la-Loire","Sarthe",,
"North America","US",,"New Jersey",,,"Passaic",
"North America","US",,"PR",,,"Ponce",
"North America","CA",,"New Brunswick",,,,
"North America","US",,"Louisiana",,,"Lafourche",
"North America","US",,"New Mexico",,,"Dona Ana",
"Europe","GB",,"Scotland",,"Argyll",,
"Europe","GB",,"England",,"Wiltshire",,
"North America","US",,"New York",,,"Westchester",
"North America","US",,"Kentucky",,,"Daviess",
"Europe","IT",,,"Toscana","Grosseto",,
"Europe","DE",,"Saarland",,,"Saarlouis",
"North America","US",,"Oregon",,,"Columbia",
"North America","US",,"Louisiana",,,"Red River",
"North America","US",,"Pennsylvania",,,"Cambria",
"Europe","IT",,,"Sicilia","Caltanissetta",,
"Europe","FR",,,"Poitou-Charentes","Vienne",,
"Europe","DE",,"Hessen",,,"Offenbach am Main",
"Europe","DE",,"Baden-Württemberg",,,"Pforzheim",
"North America","US",,"Nevada",,,"Lyon",
"Europe","DE",,"Nordrhein-Westfalen",,,"Mönchengladbach",
"Europe","FR",,,"Ile-de-France","Val-de-Marne",,
"North America","US",,"Washington",,,"Pierce",
"North America","US",,"Utah",,,"Cache",
"North America","US",,"Indiana",,,"Vigo",
"Europe","ES",,,"Aragon","Zaragoza",,
"Europe","FR",,,"Ile-de-France","Seine-Saint-Denis",,
"Europe","IT",,,"Trentino Alto Adige","Trento",,
"North America","US",,"Illinois",,,"Franklin",
"North America","US",,"Texas",,,"Burnet",
"North America","US",,"Georgia",,,"Jenkins",
"Europe","ES",,,"Andalucia","Granada",,
"North America","US",,"Alaska",,,"Bethel (Ca)",
"North America","US",,"Virginia",,,"Chesterfield",
"North America","US",,"Vermont",,,"Washington",
"North America","US",,"New York",,,"Onondaga",
"Europe","GB",,"England",,"South Yorkshire",,
"North America","US",,"Alabama",,,"Marengo",
"Europe","BE",,,"Flanders","West-Vlaanderen","Brugge",
"North America","US",,"Virginia",,,"Augusta",
"Europe","FR",,,"Aquitaine","Dordogne",,
"North America","US",,"California",,,"Humboldt",
"North America","US",,"Texas",,,"Grayson",
"North America","US",,"Illinois",,,"Coles",
"Europe","IT",,,"Campania","Caserta",,
"North America","US",,"South Carolina",,,"Dorchester",
"North America","US",,"New Hampshire",,,"Carroll",
"North America","US",,"Texas",,,"Matagorda",
"Europe","DE",,"Niedersachsen",,,"Göttingen",
"North America","US",,"Tennessee",,,"Jackson",
"Europe","GB",,"England",,"Tyne and Wear",,
"North America","US",,"Florida",,,"Volusia",
"North America","US",,"Oklahoma",,,"Wagoner",
"North America","US",,"Texas",,,"Victoria",
"Europe","IT",,,"Piemonte","Vercelli",,
"Europe","DE",,"Sachsen",,,"Plauen",
"North America","US",,"Idaho",,,"Box Elder",
"Europe","IT",,,"Basilicata","Potenza",,
"North America","US",,"New Hampshire",,,"Cheshire",
"North America","US",,"Indiana",,,"Clinton",
"North America","US",,"California",,,"Shasta",
"Europe","NL",,,,,,
"North America","US",,"Pennsylvania",,,"Mercer",
"North America","US",,"Connecticut",,,"Middlesex",
"North America","US",,"Pennsylvania",,,"York",
"Europe","BE",,,"Wallonia","Hainaut","Thuin",
"North America","US",,"Oklahoma",,,"Washington",
"North America","US",,"Wyoming",,,"Sheridan",
"Europe","DE",,"Nordrhein-Westfalen",,,"Essen",
"Europe","DE",,"Bayern",,,"Regensburg",
"North America","US",,"Pennsylvania",,,"Cumberland",
"North America","US",,"Missouri",,,"Pulaski",
"North America","US",,"Alabama",,,"Morgan",
"Europe","GB",,"Scotland",,"Lanarkshire",,
"North America","US",,"Tennessee",,,"Rutherford",
"North America","US",,"Ohio",,,"Warren",
"North America","US",,"Nebraska",,,"Keith",
"North America","US",,"Minnesota",,,"Morrison",
"North America","US",,"Missouri",,,"Boone",
"North America","US",,"Georgia",,,"Camden",
"North America","US",,"Missouri",,,"St. Louis (City)",
"Europe","BE",,,"Wallonia","Hainaut","Soignies",
"North America","US",,"Ohio",,,"Allen",
"Europe","BE",,,"Flanders","West-Vlaanderen","Roeselare",
"Europe","DE",,"Nordrhein-Westfalen",,,"Bottrop",
"North America","US",,"Georgia",,,"Polk",
"Europe","FR",,,"Bourgogne","Yonne",,
"North America","US",,"Iowa",,,"Black Hawk",
"North America","US",,"New York",,,"Chemung",
"North America","US",,"California",,,"Imperial",
"Europe","BE",,,"Wallonia","Hainaut","Charleroi",
"North America","US",,"Virginia",,,"Isle of Wight",
"Europe","ES",,,,,,
"Europe","ES",,,"Castilla Y Leon","Salamanca",,
"North America","US",,"Missouri",,,"St. Louis",
"Europe","FR",,,"Franche-Comte","Territoire-de-Belfort",,
"North America","US",,"Virginia",,,"Floyd",
"North America","US",,"Missouri",,,"Stoddard",
"Europe","IT",,,"Toscana","Firenze",,
"North America","US",,"Rhode Island",,,"Bristol",
"North America","US",,"Washington",,,"Clark",
"North America","US",,"Georgia",,,"Stephens",
"North America","US",,"Louisiana",,,"St. John The Baptist",
"North America","US",,"Alabama",,,"Wilcox",
"North America","US",,"California",,,"San Diego",
"North America","US",,"Mississippi",,,"Winston",
"North America","US",,"Virginia",,,"Norfolk (City)",
"North America","US",,"Missouri",,,"Callaway",
"Europe","GB",,"England",,"Cambridgeshire",,
"North America","US",,"Michigan",,,"Wayne",
"North America","US",,"South Carolina",,,"Mccormick",
"Europe","FR",,,"Limousin","Haute-Vienne",,
"North America","US",,"Alabama",,,"Walker",
"Europe","IT",,,"Lazio","Viterbo",,
"North America","US",,"Texas",,,"Mitchell",
"Europe","IT",,,"Lombardia","Pavia",,
"North America","US",,"Illinois",,,"Lake",
"North America","US",,"Florida",,,"Palm Beach",
"North America","US",,"Pennsylvania",,,"Crawford",
"Europe","DE",,"Nordrhein-Westfalen",,,"Dortmund",
"North America","US",,"Georgia",,,"White",
"Europe","DE",,"Nordrhein-Westfalen",,,"Düsseldorf",
"North America","US",,"Tennessee",,,"Bledsoe",
"North America","US",,"Georgia",,,"Cook",
"North America","US",,"West Virginia",,,"Mingo",
"North America","US",,"South Carolina",,,"Florence",
"North America","US",,"Texas",,,"Goliad",
"North America","US",,"Iowa",,,"Howard",
"North America","US",,"South Carolina",,,"Greenwood",
"Europe","DE",,"Nordrhein-Westfalen",,,"Bonn",
"Europe","FR",,,"Poitou-Charentes","Deux-Sevres",,
"Europe","FR",,,"Bourgogne","Nievre",,
"North America","US",,"Oklahoma",,,"Cherokee",
"North America","US",,"Maryland",,,"Charles",
"North America","US",,"New York",,,"Washington",
"North America","US",,"Virginia",,,"Nelson",
"North America","US",,"Texas",,,"Hopkins",
"North America","US",,"Colorado",,,"Otero",
"North America","US",,"Minnesota",,,"Ramsey",
"Europe","MK",,,,,,
"Europe","FR",,,"Picardie","Somme",,
"North America","US",,"Texas",,,"Parker",
"North America","US",,"Pennsylvania",,,"Clearfield",
"Europe","IT",,,"Veneto","Venezia",,
"Europe","BE",,,"Wallonia","Brabant Wallon","Nivelles",
"North America","US",,"Massachusetts",,,"Suffolk",
"North America","US",,"Arizona",,,"Coconino",
"North America","US",,"Virginia",,,"King William",
"North America","US",,"Ohio",,,"Tuscarawas",
"North America","US",,"Indiana",,,"Madison",
"North America","US",,"Kansas",,,"Seward",
"North America","US",,"Washington",,,"Douglas",
"Europe","DE",,"Baden-Württemberg",,,"Heilbronn",
"Europe","GB",,"England",,"Surrey",,
"North America","US",,"North Carolina",,,"Randolph",
"North America","US",,"Washington",,,"Grays Harbor",
"North America","US",,"Michigan",,,"St. Clair",
"North America","US",,"Indiana",,,"Fayette",
"North America","US",,"Louisiana",,,"Bienville",
"Europe","IT",,,"Campania","Avellino",,
"North America","US",,"Tennessee",,,"Wayne",
"North America","US",,"Indiana",,,"Miami",
"North America","US",,"Pennsylvania",,,"Centre",
"North America","US",,"Virginia",,,"Suffolk (City)",
"North America","US",,"Georgia",,,"Toombs",
"North America","US",,"Minnesota",,,"Nicollet",
"North America","US",,"Ohio",,,"Lake",
"North America","US",,"Ohio",,,"Stark",
"North America","US",,"Utah",,,"Weber",
"North America","US",,"Virginia",,,"Richmond (City)",
"Europe","IT",,,"Emilia Romagna","Bologna",,
"Europe","BE",,,"Flanders","Vlaams-Brabant","Leuven",
"Europe","DE",,"Rheinland-Pfalz",,,"Trier",
"North America","US",,"Georgia",,,"Glynn",
"North America","US",,"New Hampshire",,,"Hillsborough",
"Europe","DE",,"Niedersachsen",,,"Wolfenbüttel",
"Europe","DE",,"Thüringen",,,"Gera",
"North America","US",,"Mississippi",,,"Webster",
"Europe","IT",,,"Veneto","Verona",,
"North America","US",,"Louisiana",,,"Morehouse",
"North America","US",,"California",,,"Ventura",
"North America","US",,"Nevada",,,"White Pine",
"Europe","ES",,,"Pais Vasco","Guipuzcoa",,
"North America","US",,"Indiana",,,"Cass",
"North America","US",,"Oklahoma",,,"Mccurtain",
"North America","US",,"Mississippi",,,"Lincoln",
"Europe","DE",,"Schleswig-Holstein",,,"Pinneberg",
"North America","US",,"Virginia",,,"Craig",
"North America","US",,"Michigan",,,"Saginaw",
"North America","US",,"Kentucky",,,"Obion",
"North America","US",,"Pennsylvania",,,"Northumberland",
"North America","US",,"Florida",,,"St. Lucie",
"North America","US",,"South Dakota",,,"Clay",
"North America","US",,"Texas",,,"Jasper",
"North America","US",,"North Carolina",,,"Rutherford",
"North America","US",,"Louisiana",,,"Vernon",
"North America","US",,"North Carolina",,,"Lee",
"North America","US",,"Maine",,,"Somerset",
"North America","US",,"Missouri",,,"Lincoln",
"North America","US",,"Texas",,,"Montgomery",
"Europe","DE",,"Brandenburg",,,"Neuruppin",
"North America","US",,"Kansas",,,"Johnson",
"North America","US",,"New Hampshire",,,"Sullivan",
"North America","US",,"Indiana",,,"Jackson",
"Europe","GB",,"England",,"Gloucestershire",,
"North America","US",,"New York",,,"Yates",
"North America","US",,"Ohio",,,"Miami",
"Europe","IT",,,"Emilia Romagna","Modena",,
"North America","US",,"South Carolina",,,"Charleston",
"North America","US",,"Pennsylvania",,,"Bucks",
"North America","US",,"Ohio",,,"Cuyahoga",
"Europe","IT",,,"Lombardia","Milano",,
"North America","US",,"Missouri",,,"Madison",
"North America","US",,"Mississippi",,,"Franklin",
"Europe","IT",,,"Calabria","Cosenza",,
"Europe","DE",,"Hessen",,,"Gießen",
"North America","US",,"Michigan",,,"Jackson",
"North America","US",,"North Dakota",,,"Stutsman",
"North America","US",,"Montana",,,"Missoula",
"North America","US",,"Virginia",,,"Caroline",
"North America","US",,"Mississippi",,,"Desoto",
"North America","US",,"Illinois",,,"Christian",
"North America","US",,"Utah",,,"Davis",
"Europe","DE",,"Niedersachsen",,,"Northeim",
"North America","US",,"Florida",,,"Alachua",
"North America","US",,"Washington",,,"King",
"Europe","IT",,,"Toscana","Lucca",,
"North America","US",,"Florida",,,"Orange",
"North America","US",,"Texas",,,"Harris",
"North America","US",,"Kansas",,,"Wyandotte",
"North America","US",,"Arkansas",,,"White",
"Europe","DE",,"Bayern",,,"München",
"North America","US",,"Mississippi",,,"Hinds",
"North America","US",,"Illinois",,,"Randolph",
"Europe","IT",,,"Lombardia","Varese",,
"Europe","FR",,,"Centre","Cher",,
"Europe","IT",,,"Piemonte","Alessandria",,
"Europe","DE",,"Bayern",,,"Landshut",
"North America","US",,"Texas",,,"Randall",
"North America","US",,"South Dakota",,,"Meade",
"North America","US",,"Iowa",,,"Boone",
"North America","US",,"Virginia",,,"Appomattox",
"North America","US",,"New York",,,"Suffolk",
"North America","US",,"Oklahoma",,,"Stephens",
"North America","US",,"California",,,"Fresno",
"North America","US",,"South Carolina",,,"Pickens",
"Europe","IT",,,"Sicilia","Siracusa",,
"North America","US",,"Georgia",,,"Wayne",
"North America","US",,"Illinois",,,"Mclean",
"Europe","DE",,"Brandenburg",,,"Potsdam",
"North America","US",,"Florida",,,"Miami-Dade",
"North America","US",,"Pennsylvania",,,"Snyder",
"North America","US",,"Indiana",,,"Orange",
"North America","US",,"PR",,,"Guayama",
"North America","US",,"Ohio",,,"Lorain",
"North America","US",,"Florida",,,"Leon",
"North America","US",,"Georgia",,,"Cobb",
"North America","US",,"Texas",,,"Karnes",
"Europe","DE",,"Schleswig-Holstein",,,"Kiel",
"North America","US",,"North Carolina",,,"Davidson",
"North America","CA",,"Manitoba",,,,
"Europe","ES",,,"Andalucia","Cordoba",,
"North America","US",,"North Carolina",,,"Surry",
"North America","US",,"Virginia",,,"Patrick",
"North America","US",,"Idaho",,,"Canyon",
"North America","US",,"Oregon",,,"Polk",
"North America","US",,"New York",,,"Cattaraugus",
"North America","US",,"Washington",,,"San Juan",
"North America","US",,"Mississippi",,,"Lamar",
"North America","US",,"South Carolina",,,"Barnwell",
"Europe","FI",,,,,,
"North America","US",,"Massachusetts",,,"Middlesex",
"Europe","DE",,"Bayern",,,"Freising",
"North America","US",,"West Virginia",,,"Mercer",
"Europe","DE",,"Baden-Württemberg",,,"Göppingen",
"North America","US",,"Kansas",,,"Barton",
"Europe","DE",,"Sachsen",,,"Meißen",
"Europe","FR",,,"Rhone-Alpes","Savoie",,
"North America","US",,"Colorado",,,"Arapahoe",
"North America","US",,"New York",,,"Bronx",
"North America","US",,"Louisiana",,,"Beauregard",
"North America","US",,"Iowa",,,"Davis",
"Europe","DE",,"Bayern",,,"Ingolstadt",
"North America","US",,"Iowa",,,"Guthrie",
"North America","US",,"New York",,,"Montgomery",
"North America","US",,"Ohio",,,"Fairfield",
"North America","US",,"North Carolina",,,"Wayne",
"North America","US",,"Nebraska",,,"Douglas",
"North America","US",,"PR",,,"Bayamon",
"North America","US",,"Virginia",,,"Loudoun",
"North America","US",,"New Mexico",,,"Mckinley",
"North America","US",,"Oregon",,,"Benton",
"North America","US",,"Minnesota",,,"Becker",
"North America","US",,"Kansas",,,"Leavenworth",
"North America","US",,"Alabama",,,"Dekalb",
"North America","US",,"Virginia",,,"Henrico",
"North America","US",,"Oklahoma",,,"Creek",
"North America","US",,"Arkansas",,,"Greene",
"Europe","BE",,,,"Antwerpen","Antwerpen",
"North America","US",,"New York",,,"Chautauqua",
"North America","US",,"Louisiana",,,"Vermilion",
"North America","US",,"Kansas",,,"Cloud",
"North America","US",,"Louisiana",,,"Union",
"Europe","FR",,,"Centre","Loir-Et-Cher",,
"North America","US",,"Colorado",,,"Fremont",
"North America","US",,"PR",,,"Caguas",
"North America","US",,"Connecticut",,,"New Haven",
"North America","US",,"Mississippi",,,"Issaquena",
"Europe","GB",,"Wales",,"West Glamorgan",,
"North America","US",,"Arkansas",,,"Perry",
"Europe","BE",,,,"Vlaams-Brabant","Leuven",
"North America","US",,"Tennessee",,,"Montgomery",
"North America","US",,"Kentucky",,,"Caldwell",
"North America","US",,"Minnesota",,,"Wabasha",
"North America","US",,"Texas",,,"Hill",
"Europe","GB",,"England",,"North Humberside",,
"North America","US",,"Kansas",,,"Sedgwick",
"North America","US",,"Michigan",,,"Eaton",
"North America","US",,"Wisconsin",,,"Lincoln",
"North America","US",,"North Carolina",,,"Durham",
"North America","US",,"South Dakota",,,"Union",
"North America","US",,"Colorado",,,"Weld",
"North America","US",,"North Carolina",,,"Polk",
"North America","US",,"Pennsylvania",,,"Fayette",
"North America","US",,"Montana",,,"Gallatin",
"Europe","DK",,,"Jylland","Ribe amt",,
"Europe","GB",,"Scotland",,"Midlothian",,
"North America","US",,"Texas",,,"Swisher",
"North America","US",,"Michigan",,,"Hillsdale",
"Europe","DE",,"Baden-Württemberg",,,"Ludwigsburg",
"Europe","DE",,"Hamburg",,,"Hamburg",
"North America","CA",,"Nova Scotia",,,,
"Europe","ES",,,"Murcia","Murcia",,
"North America","US",,"Nebraska",,,"York",
"North America","US",,"Michigan",,,"Isabella",
"Europe","GB",,"England",,"Staffordshire",,
"Australia/Pacific","AU",,,"South Australia",,,
"North America","US",,"Pennsylvania",,,"Allegheny",
"North America","US",,"Minnesota",,,"Washington",
"North America","US",,"Indiana",,,"Pulaski",
"North America","US",,"PR",,,"Humacao",
"Europe","DE",,"Sachsen",,,"Dresden",
"Europe","DK",,,"Jylland","Viborg amt",,
"North America","US",,"Georgia",,,"Thomas",
"Europe","IT",,,"Trentino Alto Adige","Bolzano",,
"North America","US",,"Virginia",,,"Russell",
"North America","US",,"Mississippi",,,"Bolivar",
"North America","US",,"Texas",,,"Lubbock",
"North America","US",,"New Jersey",,,"Sussex",
"North America","US",,"Mississippi",,,"Copiah",
"North America","US",,"Wisconsin",,,"Ashland",
"North America","US",,"Texas",,,"Bee",
"North America","US",,"Indiana",,,"Kosciusko",
"North America","US",,"Minnesota",,,"Dakota",
"North America","US",,"Montana",,,"Silver Bow",
"North America","US",,"New York",,,"Richmond",
"North America","US",,"Kentucky",,,"Lincoln",
"North America","US",,"Tennessee",,,"Mcminn",
"North America","US",,"Florida",,,"Broward",
"Europe","GB",,"England",,"Cheshire",,
"Europe","DE",,"Niedersachsen",,,"Salzgitter",
"North America","US",,"Wisconsin",,,"Jefferson",
"North America","US",,"Kentucky",,,"Fayette",
"North America","US",,"Ohio",,,"Washington",
"North America","US",,"Minnesota",,,"Martin",
"North America","US",,"Illinois",,,"Tazewell",
"Europe","FR",,,"Centre","Eure-Et-Loir",,
"North America","US",,"Alaska",,,"Kodiak Island",
"Europe","DE",,"Nordrhein-Westfalen",,,"Münster",
"North America","US",,"Mississippi",,,"Itawamba",
"North America","US",,"Minnesota",,,"Watonwan",
"North America","US",,"Michigan",,,"Grand Traverse",
"North America","US",,"PR",,,"Canovanas",
"North America","US",,"Tennessee",,,"Benton",
"North America","US",,"Texas",,,"Cameron",
"North America","US",,"Ohio",,,"Perry",
"North America","US",,"Georgia",,,"Laurens",
"Europe","DE",,"Mecklenburg-Vorpommern",,,"Rostock",
"North America","US",,"Massachusetts",,,"Berkshire",
"North America","US",,"New Mexico",,,"Curry",
"North America","US",,"Texas",,,"Brazoria",
"North America","US",,"Texas",,,"Bell",
"North America","US",,"Indiana",,,"Vanderburgh",
"North America","US",,"Illinois",,,"St. Clair",
"North America","US",,"Kentucky",,,"Jefferson",
"North America","US",,"Pennsylvania",,,"Potter",
"North America","US",,"Illinois",,,"Sangamon",
"North America","US",,"Texas",,,"Webb",
"North America","US",,"Florida",,,"St. Johns",
"Europe","IT",,,"Liguria","Genova",,
"Europe","DE",,"Rheinland-Pfalz",,,"Kaiserslautern",
"North America","US",,"Tennessee",,,"Anderson",
"North America","US",,"Ohio",,,"Defiance",
"North America","US",,"New York",,,"Broome",
"Europe","BE",,,"Wallonia",,,
"Europe","DE",,"Nordrhein-Westfalen",,,"Gütersloh",
"North America","US",,"Georgia",,,"Richmond",
"North America","US",,"Illinois",,,"Will",
"North America","US",,"Alabama",,,"Pike",
"North America","US",,"Minnesota",,,"Kandiyohi",
"Europe","DE",,"Sachsen-Anhalt",,,"Oschersleben",
"North America","US",,"North Carolina",,,"Pitt",
"North America","US",,"Virginia",,,"Culpeper",
"Europe","DE",,"Niedersachsen",,,"Wolfsburg",
"North America","US",,"Wisconsin",,,"Price",
"Europe","IT",,,"Sicilia","Messina",,
"North America","US",,"North Carolina",,,"Bertie",
"North America","US",,"Kansas",,,"Ford",
"North America","US",,"Florida",,,"Pinellas",
"North America","US",,"Iowa",,,"Cerro Gordo",
"Europe","IT",,,"Friuli Venezia Giulia","Udine",,
"Europe","BE",,,,"Oost-Vlaanderen","Dendermonde",
"North America","US",,"Utah",,,"Utah",
"North America","US",,"PR",,,"Jayuya",
"North America","US",,"Nevada",,,"Carson City",
"North America","US",,"Michigan",,,"Lenawee",
"North America","US",,"Georgia",,,"Effingham",
"North America","US",,"Illinois",,,"Crawford",
"North America","US",,"Pennsylvania",,,"Adams",
"North America","US",,"California",,,"Kings",
"North America","US",,"Mississippi",,,"Tate",
"Europe","ES",,,"Castilla Y Leon","Burgos",,
"North America","US",,"Indiana",,,"Warrick",
"North America","US",,"Wyoming",,,"Laramie",
"North America","US",,"Tennessee",,,"Maury",
"North America","US",,"California",,,"San Joaquin",
"North America","US",,"Arkansas",,,"Saline",
"North America","US",,"Texas",,,"Fort Bend",
"North America","US",,"California",,,"Yuba",
"Europe","DK",,,"Fyn","Fyns amt",,
"North America","US",,"Kentucky",,,"Muhlenberg",
"Europe","BE",,,"Wallonia","Hainaut","Ath",
"North America","US",,"Minnesota",,,"Benton",
"North America","US",,"Nebraska",,,"Sarpy",
"North America","US",,"Delaware",,,"Sussex",
"North America","US",,"North Carolina",,,"Robeson",
"North America","US",,"North Carolina",,,"York",
"North America","US",,"New York",,,"Ontario",
"North America","US",,"Georgia",,,"Crawford",
"North America","US",,"Georgia",,,"Burke",
"Europe","DE",,"Bayern",,,"Passau",
"Europe","FR",,,"Nord-Pas-de-Calais","Nord",,
"North America","US",,"Indiana",,,"Rush",
"Europe","FR",,,"Ile-de-France","Yvelines",,
"North America","US",,"Kentucky",,,"Stewart",
"North America","US",,"Wisconsin",,,"Dodge",
"Europe","DE",,"Niedersachsen",,,"Oldenburg",
"North America","US",,"Texas",,,"Mason",
"North America","US",,"New York",,,"Chenango",
"North America","US",,"Minnesota",,,"Stearns",
"North America","US",,"Tennessee",,,"Shelby",
"Europe","FR",,,"Centre","Indre-Et-Loire",,
"Europe","IT",,,"Lazio","Rieti",,
"North America","US",,"Maryland",,,"Talbot",
"North America","US",,"New York",,,"Saratoga",
"North America","US",,"North Dakota",,,"Richland",
"Europe","ES",,,"Cantabria","Cantabria",,
"Europe","DK",,,"Bornholm","Bornholms amt",,
"North America","US",,"Alabama",,,"Butler",
"North America","US",,"Massachusetts",,,"Worcester",
"Europe","DE",,"Niedersachsen",,,"Vechta",
"Europe","FR",,,"Ile-de-France","Seine-Et-Marne",,
"North America","US",,"Oklahoma",,,"Delaware",
"Europe","IT",,,"Toscana","Massa Carrara",,
"North America","US",,"Tennessee",,,"Henry",
"Europe","ES",,,"Andalucia","Malaga",,
"North America","US",,"Tennessee",,,"Putnam",
"North America","US",,"Texas",,,"Llano",
"North America","US",,"Kansas",,,"Sherman",
"North America","CA",,"Quebec",,,,
"Europe","GB",,"England",,"Shropshire",,
"Europe","BE",,,"Flanders","Antwerpen","Turnhout",
"North America","US",,"Indiana",,,"Newton",
"North America","US",,"California",,,"Riverside",
"North America","US",,"Texas",,,"Moore",
"North America","US",,"Virginia",,,"Hampton (City)",
"North America","US",,"Mississippi",,,"Sunflower",
"North America","US",,"West Virginia",,,"Wood",
"North America","US",,"Massachusetts",,,"Norfolk",
"North America","US",,"Minnesota",,,"St. Louis",
"North America","US",,"Louisiana",,,"Tangipahoa",
"North America","US",,"Texas",,,"Burleson",
"North America","US",,"Pennsylvania",,,"Chester",
"North America","US",,"West Virginia",,,"Kanawha",
"North America","US",,"North Carolina",,,"Rowan",
"Europe","FR",,,"Picardie","Oise",,
"North America","US",,"Wisconsin",,,"Door",
"North America","US",,"South Carolina",,,"Spartanburg",
"North America","US",,"Georgia",,,"Hall",
"North America","US",,"Texas",,,"Jackson",
"North America","US",,"Kentucky",,,"Pendleton",
"North America","US",,"West Virginia",,,"Upshur",
"North America","US",,"Idaho",,,"Bannock",
"North America","US",,"Wisconsin",,,"Jackson",
"North America","US",,"Michigan",,,"Livingston",
"North America","US",,"Tennessee",,,"Mcnairy",
"Africa","BJ",,,,,,
"North America","US",,"Pennsylvania",,,"Wayne",
"North America","US",,"New York",,,"Greene",
"North America","US",,"Maine",,,"Sagadahoc",
"Europe","DE",,"Nordrhein-Westfalen",,,"Wuppertal",
"Europe","BE",,,"Wallonia","Luxembourg","Marche-en-Famenne",
"North America","US",,"Kentucky",,,"Boyd",
"North America","US",,"Georgia",,,"Ware",
"North America","US",,"Georgia",,,"Dekalb",
"North America","US",,"New York",,,"Monroe",
"North America","US",,"Louisiana",,,"West Baton Rouge",
"North America","US",,"West Virginia",,,"Harrison",
"North America","US",,"New York",,,"Rockland",
"North America","US",,"Arizona",,,"Graham",
"North America","US",,"Florida",,,"Seminole",
"North America","US",,"Ohio",,,"Pickaway",
"North America","US",,"Virginia",,,"Portsmouth (City)",
"North America","US",,"California",,,"Nevada",
"Europe","DK",,,"Jylland","Vejle amt",,
"North America","US",,"Texas",,,"Gray",
"North America","US",,"California",,,"Marin",
"Europe","IT",,,"Lombardia","Mantova",,
"North America","US",,"Indiana",,,"Huntington",
"Europe","BE",,,"Wallonia","Liège","Verviers",
"North America","US",,"Texas",,,"Gregg",
"North America","US",,"Louisiana",,,"Webster",
"Europe","DE",,"Nordrhein-Westfalen",,,"Heinsberg",
"North America","US",,"Georgia",,,"Clayton",
"Europe","FR",,,"98.0","98.0",,
"Europe","ES",,,"Galicia","la Coruña",,
"Europe","IT",,,"Valle d'Aosta","Aosta",,
"North America","US",,"Maine",,,"Washington",
"Europe","FR",,,"Rhone-Alpes","Loire",,
"North America","US",,"Florida",,,"Bradford",
"North America","US",,"Maryland",,,"Washington",
"Europe","DE",,"Bayern",,,"Rosenheim",
"North America","US",,"Maryland",,,"Dorchester",
"North America","US",,"Indiana",,,"Wabash",
"North America","US",,"Colorado",,,"Teller",
"North America","US",,"Michigan",,,"Ontonagon",
"North America","US",,"Indiana",,,"Sullivan",
"Europe","FR",,,"Bretagne","Morbihan",,
"North America","US",,"PR",,,"Yabucoa",
"North America","US",,"South Carolina",,,"Georgetown",
"Europe","IT",,,"Puglia","Lecce",,
"Europe","IT",,,"Liguria","Imperia",,
"North America","US",,"Colorado",,,"Yuma",
"North America","US",,"Texas",,,"Bosque",
"North America","US",,"South Carolina",,,"Aiken",
"Europe","DE",,"Bayern",,,"Erding",
"North America","US",,"Ohio",,,"Guernsey",
"North America","US",,"Tennessee",,,"Knox",
"North America","US",,"Texas",,,"Midland",
"Europe","BE",,,,"Vlaams-Brabant","Halle-Vilvoorde",
"Europe","FR",,,"Languedoc-Roussillon","Gard",,
"North America","US",,"Texas",,,"Harrison",
"North America","US",,"North Carolina",,,"Burke",
"Europe","FR",,,"Bretagne","Cotes-d'Armor",,
"North America","US",,"Georgia",,,"Walton",
"Europe","FR",,,"Picardie","Aisne",,
"North America","US",,"Nevada",,,"Douglas",
"North America","US",,"Pennsylvania",,,"Delaware",
"North America","US",,"Tennessee",,,"Roane",
"North America","US",,"Tennessee",,,"Cheatham",
"North America","US",,"Texas",,,"Kaufman",
"North America","US",,"Texas",,,"Bowie",
"North America","US",,"Arizona",,,"Pinal",
"North America","US",,"Oklahoma",,,"Tulsa",
"North America","US",,"Louisiana",,,"St. Mary",
"North America","US",,"Virginia",,,"Manassas",
"North America","US",,"Virginia",,,"Frederick",
"North America","US",,"South Carolina",,,"Richland",
"North America","US",,"Texas",,,"Galveston",
"North America","US",,"Missouri",,,"Taney",
"North America","US",,"Ohio",,,"Ashland",
"North America","US",,"Iowa",,,"Pottawattamie",
"North America","US",,"Idaho",,,"Ada",
"Europe","DE",,"Bayern",,,"Fürstenfeldbruck",
"North America","US",,"Georgia",,,"Lee",
"North America","US",,"Indiana",,,"Shelby",
"Europe","DE",,"Brandenburg",,,"Frankfurt/Oder",
"Europe","DE",,"Niedersachsen",,,"Lüneburg",
"Europe","BE",,,"Wallonia","Vlaams-Brabant","Halle-Vilvoorde",
"Europe","IT",,,"Sardegna","Oristano",,
"North America","US",,"Wyoming",,,"Sublette",
"Europe","DE",,"Schleswig-Holstein",,,"Lübeck",
"North America","US",,"Ohio",,,"Marion",
"North America","US",,"Florida",,,"Gilchrist",
"North America","US",,"Missouri",,,"Cass",
"North America","US",,"Virginia",,,"Washington",
"Europe","ES",,,"Valencia","Valencia",,
"North America","US",,"Wyoming",,,"Campbell",
"North America","US",,"Vermont",,,"Orleans",
"North America","US",,"Illinois",,,"Kane",
"North America","US",,"Arkansas",,,"Benton",
"North America","US",,"Idaho",,,"Twin Falls",
"North America","US",,"Florida",,,"Citrus",
"Europe","BE",,,"Flanders","Limburg","Hasselt",
"North America","US",,"Pennsylvania",,,"Lancaster",
"North America","US",,"Kentucky",,,"Magoffin",
"North America","US",,"North Carolina",,,"Brunswick",
"North America","CA",,,,,,
"North America","US",,"Indiana",,,"Whitley",
"Europe","DE",,"Bayern",,,"Augsburg",
"North America","US",,"Florida",,,"Monroe",
"North America","US",,"Arkansas",,,"Arkansas",
"North America","US",,"Virginia",,,"Newport News",
"North America","US",,"Virginia",,,"Westmoreland",
"North America","US",,"Massachusetts",,,"Franklin",
"North America","US",,"Wisconsin",,,"Clark",
"North America","US",,"Indiana",,,"Monroe",
"North America","US",,"Pennsylvania",,,"Butler",
"North America","US",,"Maryland",,,"Cecil",
"North America","US",,"New Jersey",,,"Union",
"Europe","GB",,"England",,"Norfolk",,
"North America","US",,"PR",,,"San Lorenzo",
"North America","US",,"Arkansas",,,"Sebastian",
"Europe","DE",,"Bayern",,,"Schweinfurt",
"Europe","FR",,,"Bourgogne","Saone-Et-Loire",,
"Europe","BE",,,"Flanders","West-Vlaanderen","Oostende",
"North America","US",,"Illinois",,,"Rock Island",
"North America","US",,"Michigan",,,"Lapeer",
"North America","US",,"Nevada",,,"Eureka",
"North America","US",,"Kentucky",,,"Whitley",
"North America","US",,"PR",,,"Hatillo",
"North America","US",,"Tennessee",,,"Warren",
"North America","US",,"Tennessee",,,"Davidson",
"Europe","LU",,,,,,
"North America","US",,"New York",,,"Livingston",
"North America","US",,"Arkansas",,,"Jefferson",
"Europe","ES",,,"la Rioja","la Rioja",,
"North America","US",,"Utah",,,"Summit",
"North America","US",,"Minnesota",,,"Yellow Medicine",
"North America","US",,"PR",,,"Moca",
"Europe","BE",,,"Flanders","West-Vlaanderen","Tielt",
"Europe","DE",,"Hessen",,,"Frankfurt am Main",
"North America","US",,"Idaho",,,"Bonner",
"North America","US",,"Texas",,,"Upshur",
"North America","US",,"South Carolina",,,"Lexington",
"North America","US",,"Massachusetts",,,"Essex",
"North America","US",,"Alabama",,,"Covington",
"North America","US",,"Texas",,,"Polk",
"North America","US",,"PR",,,"Sabana Grande",
"North America","US",,"Wisconsin",,,"Grant",
"North America","US",,"Alaska",,,"Anchorage",
"North America","US",,"Indiana",,,"Steuben",
"North America","US",,"Michigan",,,"Barry",
"Australia/Pacific","AU",,,"Northern Territory",,,
"North America","US",,"Georgia",,,"Hart",
"Europe","DK",,,"Sjælland","Storstrøms amt",,
"Europe","FR",,,"97.0","97.0",,
"North America","US",,"Oklahoma",,,"Okmulgee",
"North America","US",,"Pennsylvania",,,"Montour",
"North America","US",,"Texas",,,"Jefferson",
"North America","US",,"PR",,,"Rio Grande",
"North America","US",,"Oklahoma",,,"Pottawatomie",
"North America","US",,"Indiana",,,"Jennings",
"North America","US",,"Iowa",,,"Marshall",
"North America","US",,"Delaware",,,"Kent",
"North America","US",,"Utah",,,"Carbon",
"North America","US",,"Ohio",,,"Pike",
"North America","US",,"Pennsylvania",,,"Perry",
"North America","US",,"Kentucky",,,"Graves",
"North America","US",,"Florida",,,"Suwannee",
"Europe","DE",,"Baden-Württemberg",,,"Lörrach",
"Europe","GB",,"England",,"Merseyside",,
"North America","US",,"Washington",,,"Franklin",
"North America","US",,"Colorado",,,"Pitkin",
"North America","US",,"Nebraska",,,"Buffalo",
"North America","US",,"Kentucky",,,"Floyd",
"North America","US",,"Rhode Island",,,"Kent",
"Europe","DE",,"Bayern",,,"Kelheim",
"North America","US",,"New York",,,"Oswego",
"North America","US",,"Texas",,,"Austin",
"North America","US",,"Colorado",,,"Moffat",
"North America","US",,"Indiana",,,"Morgan",
"North America","US",,"Ohio",,,"Medina",
"North America","US",,"California",,,"Madera",
"North America","US",,"Louisiana",,,"Ascension",
"Europe","BE",,,"DE","Liège","Verviers",
"North America","US",,"Alabama",,,"Etowah",
"North America","US",,"Missouri",,,"St. Charles",
"Europe","IT",,,"Umbria","Perugia",,
"North America","US",,"Illinois",,,"Effingham",
"North America","US",,"Illinois",,,"Washington",
"North America","US",,"Alabama",,,"St. Clair",
"North America","US",,"Idaho",,,"Cassia",
"Europe","FR",,,"Ile-de-France","Val-d'Oise",,
"North America","US",,"New Jersey",,,"Hudson",
"North America","US",,"Oklahoma",,,"Osage",
"Europe","IT",,,"Lombardia","Como",,
"North America","US",,"Pennsylvania",,,"Carbon",
"North America","US",,"Florida",,,"Sarasota",
"North America","US",,"New Jersey",,,"Morris",
"Europe","ES",,,"Castilla Y Leon","Valladolid",,
"North America","US",,"Texas",,,"Cooke",
"North America","US",,"Texas",,,"Ochiltree",
"North America","US",,"Minnesota",,,"Sherburne",
"North America","US",,"Texas",,,"Kimble",
"North America","US",,"Michigan",,,"Leelanau",
"North America","US",,"Arizona",,,"Mohave",
"Europe","FR",,,"Provence-Alpes-Cote","Bouches-du-Rhone",,
"Europe","FR",,,"Lorraine","Meurthe-Et-Moselle",,
"Europe","DK",,,"Sjælland","Frederiksborg amt",,
"North America","US",,"Wisconsin",,,"Shawano",
"North America","US",,"Ohio",,,"Athens",
"North America","US",,"Indiana",,,"Allen",
"Europe","DE",,"Mecklenburg-Vorpommern",,,"Stralsund",
"North America","US",,"Florida",,,"Desoto",
"Europe","DE",,"Thüringen",,,"Weimar",
"North America","US",,"Arkansas",,,"Clay",
"North America","US",,"Georgia",,,"Lincoln",
"North America","US",,"New Jersey",,,"Ocean",
"North America","US",,"Oklahoma",,,"Blaine",
"Europe","DE",,"Nordrhein-Westfalen",,,"Aachen",
"North America","US",,"New York",,,"Tompkins",
"North America","US",,"Oregon",,,"Marion",
"North America","US",,"Ohio",,,"Champaign",
"Europe","BE",,,"Flanders","Oost-Vlaanderen","Dendermonde",
"North America","US",,"Texas",,,"San Patricio",
"North America","US",,"Illinois",,,"Jo Daviess",
"North America","US",,"Minnesota",,,"Douglas",
"North America","US",,"North Carolina",,,"Iredell",
"North America","US",,"Texas",,,"Hall",
"North America","US",,"Illinois",,,"Ogle",
"North America","US",,"Washington",,,"Snohomish",
"Europe","DE",,"Nordrhein-Westfalen",,,"Duisburg",
"Europe","DE",,"Baden-Württemberg",,,"Tübingen",
"North America","US",,"Iowa",,,"Keokuk",
"North America","US",,"Oregon",,,"Multnomah",
"North America","US",,"Iowa",,,"Buchanan",
"North America","US",,"Illinois",,,"Macon",
"North America","US",,"Washington",,,"Benton",
"North America","US",,"California",,,"Stanislaus",
"North America","US",,"Arizona",,,"Apache",
"North America","US",,"Alabama",,,"Houston",
"Europe","ES",,,"Valencia","Alicante",,
"North America","US",,"Michigan",,,"Berrien",
"North America","US",,"Pennsylvania",,,"Schuylkill",
"North America","CA",,"Newfoundland",,,,
"North America","US",,"Georgia",,,"Lowndes",
"North America","US",,"Kentucky",,,"Madison",
"North America","US",,"Georgia",,,"Gwinnett",
"North America","US",,"Texas",,,"Starr",
"Europe","DE",,"Baden-Württemberg",,,"Baden-Baden",
"North America","US",,"Texas",,,"Brown",
"North America","US",,"Texas",,,"Ellis",
"North America","US",,"Wisconsin",,,"Portage",
"North America","US",,"Missouri",,,"Clark",
"North America","US",,"Washington",,,"Stevens",
"North America","US",,"Maryland",,,"Carroll",
"Europe","GB",,"England",,"Berkshire",,
"North America","US",,"Colorado",,,"Rio Blanco",
"Europe","BE",,,"Wallonia","Hainaut","Mouscron",
"North America","US",,"Iowa",,,"Iowa",
"North America","US",,"Indiana",,,"Jasper",
"North America","US",,"Colorado",,,"Larimer",
"North America","US",,"PR",,,"Hormigueros",
"Europe","IT",,,"Sicilia","Ragusa",,
"North America","US",,"California",,,"El Dorado",
"North America","US",,"Oregon",,,"Washington",
"North America","US",,"Ohio",,,"Clark",
"North America","US",,"Texas",,,"Bexar",
"North America","US",,"Texas",,,"Nacogdoches",
"North America","US",,"Colorado",,,"Elbert",
"North America","US",,"Wisconsin",,,"Brown",
"North America","US",,"New York",,,"Clinton",
"North America","US",,"Virginia",,,"Prince William",
"North America","US",,"Kentucky",,,"Rowan",
"Europe","DK",,,"Sjælland","Vestsjællands amt",,
"North America","US",,"Florida",,,"Okaloosa",
"North America","US",,"Iowa",,,"Henry",
"North America","US",,"Texas",,,"Liberty",
"North America","US",,"Indiana",,,"Hancock",
"Europe","BE",,,"Wallonia","Luxembourg","Virton",
"North America","US",,"Tennessee",,,"Campbell",
"North America","US",,"Texas",,,"Fannin",
"North America","US",,"Massachusetts",,,"Dukes",
"North America","US",,"Virginia",,,"Franklin",
"Europe","BE",,,,,,
"North America","US",,"Illinois",,,"Livingston",
"North America","US",,"Oklahoma",,,"Mayes",
"North America","US",,"Connecticut",,,"Tolland",
"North America","US",,"North Carolina",,,"Mecklenburg",
"North America","US",,"North Carolina",,,"Alexander",
"Europe","IT",,,"Lombardia","Brescia",,
"Europe","BE",,,"Wallonia","Liège","Waremme",
"Europe","DE",,"Nordrhein-Westfalen",,,"Leverkusen",
"North America","US",,"PR",,,"Carolina",
"North America","US",,"Kansas",,,"Shawnee",
"North America","US",,"Georgia",,,"Colquitt",
"North America","US",,"Georgia",,,"Columbia",
"North America","US",,"Washington",,,"Grant",
"North America","US",,"California",,,"Tulare",
"North America","US",,"Alabama",,,"Calhoun",
"Europe","GB",,"England",,"Cumbria",,
"Europe","IT",,,"Puglia","Brindisi",,
"North America","US",,"Indiana",,,"Lawrence",
"North America","US",,"Missouri",,,"Greene",
"North America","US",,"Wisconsin",,,"Waushara",
"North America","US",,"Pennsylvania",,,"Franklin",
"Europe","BE",,,,"Namur","Namur",
"North America","US",,"Texas",,,"Fayette",
"North America","US",,"Arkansas",,,"Van Buren",
"North America","US",,"Tennessee",,,"Lincoln",
"North America","US",,"Missouri",,,"Mcdonald",
"North America","US",,"PR",,,"Mayaguez",
"North America","US",,"Texas",,,"Wichita",
"North America","US",,"Alabama",,,"Madison",
"North America","US",,"Florida",,,"Sumter",
"Europe","IT",,,"Molise","Campobasso",,
"North America","US",,"Virginia",,,"Virginia Beach (City)",
"North America","US",,"Pennsylvania",,,"Montgomery",
"North America","US",,"Illinois",,,"Dupage",
"North America","US",,"Illinois",,,"Jersey",
"North America","US",,"Arkansas",,,"Little River",
"Europe","DE",,"Bayern",,,"Regen",
"North America","US",,"Texas",,,"Eastland",
"Europe","BE",,,"Flanders","Oost-Vlaanderen","Aalst",
"Europe","BE",,,"Flanders","West-Vlaanderen","Kortrijk",
"North America","US",,"South Carolina",,,"York",
"Europe","DE",,"Mecklenburg-Vorpommern",,,"Schwerin",
"Europe","BE",,,"Bruxelles",,,
"North America","US",,"Oklahoma",,,"Atoka",
"North America","US",,"New Mexico",,,"Rio Arriba",
"North America","US",,"Michigan",,,"Cass",
"North America","US",,"South Carolina",,,"Anderson",
"Europe","FR",,,"Midi-Pyrenees","Lot",,
"North America","US",,"Tennessee",,,"Hamblen",
"North America","US",,"Missouri",,,"Adair",
"North America","US",,"Michigan",,,"Midland",
"North America","US",,"Virginia",,,"Amherst",
"Europe","BE",,,"Flanders","Vlaams-Brabant","Halle-Vilvoorde",
"Europe","FR",,,"Basse-Normandie","Orne",,
"North America","US",,"Mississippi",,,"Madison",
"North America","US",,"Pennsylvania",,,"Bedford",
"North America","US",,"Illinois",,,"Marion",
"Europe","BE",,,"Wallonia","West-Vlaanderen","Kortrijk",
"Europe","DE",,"Nordrhein-Westfalen",,,"Düren",
"North America","US",,"Indiana",,,"Gibson",
"North America","US",,"New Jersey",,,"Salem",
"Europe","DK",,,"Jylland","Nordjyllands amt",,
"North America","US",,"Minnesota",,,"Chisago",
"North America","US",,"Illinois",,,"Adams",
"Europe","DE",,"Sachsen-Anhalt",,,"Quedlinburg",
"North America","US",,"New Hampshire",,,"Strafford",
"North America","US",,"Idaho",,,"Boise",
"North America","US",,"Vermont",,,"Rutland",
"Europe","IT",,,"Campania","Salerno",,
"Europe","DE",,"Niedersachsen",,,"Braunschweig",
"North America","US",,"Missouri",,,"Dekalb",
"North America","US",,"Virginia",,,"Goochland",
"North America","US",,"Mississippi",,,"Alcorn",
"North America","US",,"Texas",,,"Nueces",
"North America","US",,"Illinois",,,"Boone",
"North America","US",,"Oregon",,,"Douglas",
"North America","US",,"New York",,,"Genesee",
"Europe","IT",,,"Veneto","Vicenza",,
"Europe","ES",,,"Castilla Y Leon","Leon",,
"North America","US",,"Oregon",,,"Jackson",
"North America","US",,"Wyoming",,,"Natrona",
"North America","US",,"Virginia",,,"Bedford",
"North America","US",,"Illinois",,,"Mason",
"Europe","DE",,"Sachsen",,,"Döbeln",
"North America","US",,"Virginia",,,"Mecklenburg",
"North America","US",,"Wisconsin",,,"Lafayette",
"North America","US",,"Kentucky",,,"Wolfe",
"North America","US",,"PR",,,"Fajardo",
"North America","US",,"Florida",,,"Washington",
"North America","US",,"Colorado",,,"Logan",
"North America","US",,"Illinois",,,"Kankakee",
"North America","US",,"Iowa",,,"Cherokee",
"North America","US",,"Washington",,,"Kitsap",
"North America","US",,"New Mexico",,,"Bernalillo",
"North America","US",,"North Carolina",,,"Gaston",
"North America","US",,"New Mexico",,,"Valencia",
"North America","US",,"Texas",,,"Van Zandt",
"North America","US",,"Missouri",,,"Polk",
"North America","US",,"Tennessee",,,"Marion",
"North America","US",,"Michigan",,,"Shiawassee",
"North America","US",,"Maryland",,,"Queen Anne'S",
"North America","US",,"Texas",,,"Walker",
"North America","US",,"Texas",,,"Dawson",
"North America","US",,"Virginia",,,"Clarke",
"North America","US",,"Florida",,,"Clay",
"Europe","IT",,,"Veneto","Rovigo",,
"North America","US",,"Texas",,,"Wilson",
"North America","US",,"Colorado",,,"Delta",
"North America","US",,"Virginia",,,"Charlotte",
"North America","US",,"PR",,,"Barceloneta",
"North America","US",,"Florida",,,"Columbia",
"North America","US",,"Florida",,,"Putnam",
"North America","US",,"Alabama",,,"Perry",
"North America","US",,"Nevada",,,"Clark",
"Europe","BE",,,,"Oost-Vlaanderen","Gent",
"North America","US",,"PR",,,"San Juan",
"North America","US",,"Virginia",,,"Smyth",
"North America","US",,"Michigan",,,"Kalamazoo",
"Europe","FR",,,"Franche-Comte","Doubs",,
"North America","US",,"Wisconsin",,,"Washburn",
"North America","US",,"Wisconsin",,,"Douglas",
"North America","US",,"Ohio",,,"Wayne",
"Europe","DE",,"Rheinland-Pfalz",,,"Frankenthal",
"North America","US",,"Rhode Island",,,"Providence",
"North America","US",,"Virginia",,,"Scott",
"North America","US",,"Virginia",,,"Arlington",
"North America","US",,"New Hampshire",,,"Merrimack",
"Europe","DE",,"Nordrhein-Westfalen",,,"Hagen",
"Europe","FR",,,"Pays-de-la-Loire","Mayenne",,
"North America","US",,"Mississippi",,,"Union",
"North America","US",,"Pennsylvania",,,"Berks",
"Europe","GB",,"Scotland",,"Stirlingshire",,
"North America","US",,"Illinois",,,"Winnebago",
"North America","US",,"West Virginia",,,"Cabell",
"North America","US",,"Texas",,,"Mclennan",
"Europe","DE",,"Rheinland-Pfalz",,,"Mainz",
"North America","US",,"Tennessee",,,"Franklin",
"Europe","DE",,"Nordrhein-Westfalen",,,"Herne",
"North America","US",,"Tennessee",,,"Blount",
"Europe","BE",,,"Flanders","Limburg","Maaseik",
"North America","US",,"California",,,"San Luis Obispo",
"North America","US",,"Michigan",,,"Houghton",
"Europe","IT",,,"Abruzzi","Chieti",,
"North America","US",,"Pennsylvania",,,"Warren",
"North America","US",,"Washington",,,"Clallam",
"Europe","BE",,,,"Limburg","Hasselt",
"North America","US",,"Wisconsin",,,"Sawyer",
"North America","US",,"Oklahoma",,,"Mcclain",
"North America","CA",,"Saskatchewan",,,,
"North America","US",,"Texas",,,"Orange",
"Europe","IT",,,"Piemonte","Cuneo",,
"North America","US",,"Montana",,,"Park",
"North America","US",,"Oregon",,,"Deschutes",
"North America","US",,"Minnesota",,,"Wright",
"North America","US",,"Oregon",,,"Malheur",
"North America","US",,"PR",,,"Juana Diaz",
"North America","US",,"Illinois",,,"Richland",
"North America","US",,"Alabama",,,"Jackson",
"North America","US",,"Ohio",,,"Franklin",
"North America","US",,"Massachusetts",,,"Barnstable",
"North America","US",,"Pennsylvania",,,"Lycoming",
"North America","US",,"Washington",,,"Walla Walla",
"Europe","FR",,,"Rhone-Alpes","Ardeche",,
"Europe","FR",,,"Ile-de-France","Essonne",,
"North America","US",,"Pennsylvania",,,"Union",
"North America","US",,"Illinois",,,"Whiteside",
"Europe","FR",,,"Bourgogne","Cote-d'Or",,
"North America","US",,"Ohio",,,"Brown",
"North America","US",,"PR",,,"Toa Baja",
"North America","US",,"Minnesota",,,"Anoka",
"Europe","DE",,"Baden-Württemberg",,,"Ulm",
"North America","US",,"Wisconsin",,,"la Crosse",
"Europe","IT",,,"Sardegna","Sassari",,
"Europe","DE",,"Sachsen",,,"Leipzig",
"North America","US",,"Kentucky",,,"Kenton",
"North America","US",,"Colorado",,,"El Paso",
"North America","US",,"Nevada",,,"Washoe",
"North America","US",,"Texas",,,"Frio",
"North America","US",,"Virginia",,,"Wise",
"North America","US",,"Indiana",,,"Howard",
"North America","US",,"Kansas",,,"Cowley",
"Europe","DE",,"Rheinland-Pfalz",,,"Ludwigshafen",
"North America","US",,"California",,,"Santa Cruz",
"North America","US",,"Mississippi",,,"Lee",
"North America","US",,"Virginia",,,"Dinwiddie",
"North America","US",,"Wisconsin",,,"Racine",
"Europe","DE",,"Bayern",,,"Starnberg",
"Europe","ES",,,"Cataluña","Girona",,
"North America","US",,"Virginia",,,"Shenandoah",
"North America","US",,"Virginia",,,"Radford (City)",
"North America","US",,"Tennessee",,,"Giles",
"North America","US",,"Virginia",,,"York",
"North America","US",,"Texas",,,"Willacy",
"North America","US",,"Kentucky",,,"Oldham",
"North America","US",,"Florida",,,"Jefferson",
"North America","US",,"Ohio",,,"Hamilton",
"North America","US",,"Washington",,,"Lincoln",
"North America","US",,"Illinois",,,"Menard",
"Europe","DE",,"Thüringen",,,"Ilmenau",
"North America","US",,"Texas",,,"Waller",
"North America","US",,"Texas",,,"Gillespie",
"North America","US",,"Wisconsin",,,"Kenosha",
"Asia","IL",,,,,,
"North America","US",,"West Virginia",,,"Jefferson",
"North America","US",,"Illinois",,,"Henry",
"North America","US",,"California",,,"Santa Barbara",
"Europe","GB",,"England",,"Worcestershire",,
"Europe","GB",,"Scotland",,"West Lothian",,
"Europe","IT",,,"Lazio","Latina",,
"North America","US",,"New Jersey",,,"Atlantic",
"North America","US",,"North Carolina",,,"Johnston",
"North America","US",,"Florida",,,"Levy",
"North America","US",,"North Dakota",,,"Pierce",
"North America","US",,"Pennsylvania",,,"Dauphin",
"North America","US",,"Massachusetts",,,"Hampshire",
"Europe","DE",,"Hessen",,,"Kassel",
"North America","US",,"Florida",,,"Martin",
"North America","US",,"Maryland",,,"Harford",
"North America","US",,"California",,,"San Bernardino",
"North America","US",,"North Carolina",,,"Chatham",
"North America","US",,"Indiana",,,"Hamilton",
"North America","US",,"Kentucky",,,"Powell",
"North America","US",,"California",,,"Mono",
"Europe","FR",,,"Midi-Pyrenees","Aveyron",,
"Europe","IT",,,"Lombardia","Bergamo",,
"North America","US",,"Missouri",,,"Montgomery",
"North America","US",,"Iowa",,,"Polk",
"North America","US",,"Arkansas",,,"Crawford",
"Europe","FR",,,"Haute-Normandie","Eure",,
"North America","US",,"Louisiana",,,"Caddo",
"Europe","DE",,"Thüringen",,,"Erfurt",
"Europe","FR",,,"Aquitaine","Gironde",,
"North America","US",,"Mississippi",,,"Scott",
"Europe","ES",,,"Canarias","Tenerife",,
"Europe","GB",,"England",,"Essex",,
"North America","US",,"Iowa",,,"Johnson",
"North America","US",,"Missouri",,,"Bates",
"North America","US",,"PR",,,"Cabo Rojo",
"Europe","DE",,"Bayern",,,"Kulmbach",
"Europe","FR",,,"Basse-Normandie","Manche",,
"North America","US",,"Texas",,,"Morris",
"North America","US",,"Indiana",,,"Marshall",
"North America","US",,"Texas",,,"Anderson",
"North America","US",,"Virginia",,,"Campbell",
"North America","US",,"Georgia",,,"Webster",
"North America","US",,"Ohio",,,"Licking",
"North America","US",,"PR",,,"Utuado",
"Europe","FR",,,"Champagne-Ardenne","Ardennes",,
"North America","US",,"Florida",,,"Osceola",
"North America","US",,"New Hampshire",,,"Grafton",
"Europe","DE",,"Sachsen",,,"Chemnitz",
"North America","US",,"Texas",,,"Hidalgo",
"North America","US",,"Wisconsin",,,"St. Croix",
"North America","US",,"Ohio",,,"Preble",
"Europe","GB",,"Northern Ireland",,"County Antrim",,
"North America","US",,"Alabama",,,"Autauga",
"Europe","ES",,,"Cataluña","Lleida",,
"North America","US",,"Massachusetts",,,"Hampden",
"North America","US",,"Idaho",,,"Clearwater",
"Europe","DE",,"Bayern",,,"Erlangen",
"North America","US",,"Connecticut",,,"Litchfield",
"Europe","FR",,,"Centre","Loiret",,
"Europe","DE",,"Nordrhein-Westfalen",,,"Köln",
"North America","US",,"New Jersey",,,"Bergen",
"North America","US",,"Ohio",,,"Mercer",
"North America","US",,"Maryland",,,"Baltimore",
"Europe","GB",,"England",,"Northamptonshire",,
"Europe","FR",,,"Rhone-Alpes","Rhone",,
"Europe","IT",,,"Emilia Romagna","Piacenza",,
"North America","US",,"Maryland",,,"Caroline",
"North America","US",,"Missouri",,,"Clay",
"North America","US",,"Virginia",,,"Albemarle",
"Europe","DE",,"Niedersachsen",,,"Celle",
"North America","US",,"Georgia",,,"Monroe",
"Europe","BE",,,"Wallonia","Namur","Namur",
"North America","US",,"Washington",,,"Yakima",
"North America","US",,"Alaska",,,"Juneau",
"North America","US",,"Massachusetts",,,"Bristol",
"Europe","GB",,"England",,"Middlesex",,
"North America","US",,"Maryland",,,"Garrett",
"North America","US",,"Texas",,,"Marion",
"North America","US",,"Kentucky",,,"Scott",
"North America","US",,"Michigan",,,"Osceola",
"North America","US",,"Michigan",,,"Washtenaw",
"Europe","DE",,"Nordrhein-Westfalen",,,"Gelsenkirchen",
"North America","US",,"Ohio",,,"Butler",
"North America","US",,"California",,,"Colusa",
"North America","US",,"Indiana",,,"Vermillion",
"North America","US",,"Missouri",,,"Henry",
"North America","US",,"Oklahoma",,,"Oklahoma",
"North America","US",,"PR",,,"Isabela",
"Europe","BE",,,"Wallonia","Namur","Philippeville",
"North America","US",,"Oregon",,,"Lane",
"North America","US",,"Florida",,,"Indian River",
"Europe","DE",,"Bayern",,,"Aschaffenburg",
"Europe","DE",,"Nordrhein-Westfalen",,,"Bielefeld",
"Europe","DE",,"Baden-Württemberg",,,"Reutlingen",
"North America","US",,"Maryland",,,"Montgomery",
"North America","US",,"South Dakota",,,"Pennington",
"North America","US",,"South Carolina",,,"Horry",
"North America","US",,"Kentucky",,,"Hardin",
"North America","US",,"California",,,"Santa Clara",
"North America","US",,"Mississippi",,,"Lowndes",
"Europe","BE",,,"Wallonia","Liège","Liège",
"North America","US",,"Ohio",,,"Montgomery",
"North America","US",,"PR",,,"Juncos",
"North America","US",,"California",,,"Mendocino",
"North America","US",,"Texas",,,"Coryell",
"North America","US",,"Georgia",,,"Wilkinson",
"North America","US",,"Mississippi",,,"Harrison",
"North America","US",,"North Carolina",,,"Guilford",
"North America","US",,"California",,,"Sacramento",
"North America","US",,"Indiana",,,"Grant",
"North America","US",,"Washington",,,"Pend Oreille",
"Europe","IT",,,"Sicilia","Palermo",,
"North America","US",,"Texas",,,"Tyler",
"North America","US",,"Missouri",,,"Jefferson",
"Europe","FR",,,"N/A","N/A",,
"North America","US",,"Virginia",,,"Nottoway",
"North America","US",,"Georgia",,,"Early",
"Europe","IT",,,"Puglia","Bari",,
"North America","US",,"New York",,,"Schenectady",
"North America","US",,"Louisiana",,,"Iberville",
"Europe","BE",,,"Flanders","Oost-Vlaanderen","Sint-Niklaas",
"North America","US",,"Maryland",,,"Prince George'S",
"North America","US",,"Pennsylvania",,,"Columbia",
"North America","US",,"Michigan",,,"Newaygo",
"North America","US",,"Oklahoma",,,"Pittsburg",
"North America","US",,"Texas",,,"Wharton",
"Europe","IT",,,"Emilia Romagna","Parma",,
"Europe","HR",,,,,,
"Europe","IT",,,"Piemonte","Torino",,
"North America","US",,"Iowa",,,"Carroll",
"North America","US",,"Kansas",,,"Mcpherson",
"North America","US",,"Florida",,,"Bay",
"North America","US",,"Kentucky",,,"Boone",
"North America","US",,"Indiana",,,"Scott",
"North America","US",,"Illinois",,,"Peoria",
"North America","US",,"Oklahoma",,,"Adair",
"North America","US",,"Pennsylvania",,,"Armstrong",
"Europe","GB",,"Wales",,"Clwyd",,
"North America","US",,"Kansas",,,"Wichita",
"North America","US",,"New York",,,"Albany",
"North America","US",,"Virginia",,,"Newport News (City)",
"North America","US",,"New York",,,"Sullivan",
"North America","US",,"Ohio",,,"Columbiana",
"North America","US",,"Ohio",,,"Scioto",
"North America","US",,"New Jersey",,,"Monmouth",
"North America","US",,"Washington",,,"Spokane",
"North America","US",,"North Carolina",,,"Orange",
"North America","US",,"California",,,"Placer",
"Europe","IT",,,"Sicilia","Catania",,
"North America","US",,"Indiana",,,"Porter",
"North America","US",,"Mississippi",,,"Pike",
"North America","US",,"Wisconsin",,,"Washington",
"North America","US",,"Pennsylvania",,,"Philadelphia",
"North America","US",,"Virginia",,,"Gloucester",
"North America","US",,"Wisconsin",,,"Marathon",
"North America","US",,"Maine",,,"Lincoln",
"North America","US",,"PR",,,"Guaynabo",
"Europe","BE",,,"Flanders","Antwerpen","Antwerpen",
"North America","US",,"Indiana",,,"St. Joseph",
"North America","US",,"New York",,,"Franklin",
"North America","US",,"Oklahoma",,,"Mcintosh",
"North America","US",,"Kansas",,,"Montgomery",
"North America","US",,"Tennessee",,,"Washington",
"North America","US",,"Virginia",,,"Hanover",
"North America","US",,"Connecticut",,,"Hartford",
"Europe","FR",,,"Franche-Comte","Jura",,
"Europe","IT",,,"Lazio","Roma",,
"North America","US",,"New Mexico",,,"Sandoval",
"North America","US",,"Utah",,,"Salt Lake",
"North America","US",,"Indiana",,,"Fountain",
"North America","US",,"Michigan",,,"Oceana",
"North America","US",,"Kansas",,,"Sumner",
"North America","US",,"Indiana",,,"Tippecanoe",
"North America","US",,"Florida",,,"Taylor",
"Europe","ES",,,"Galicia","Pontevedra",,
"North America","US",,"Kentucky",,,"Washington",
"North America","US",,"PR",,,"Las Piedras",
"Europe","GB",,"England",,"Leicestershire",,
"North America","US",,"Arkansas",,,"Faulkner",
"Europe","GB",,"Scotland",,"Aberdeenshire",,
"North America","US",,"Nebraska",,,"Lincoln",
"Europe","DE",,"Bayern",,,"Coburg",
"North America","US",,"South Carolina",,,"Beaufort",
"North America","US",,"Virginia",,,"Richmond",
"North America","US",,"Alabama",,,"Mobile",
"Europe","GB",,"England",,"Buckinghamshire",,
"North America","US",,"Georgia",,,"Hancock",
"North America","US",,"New York",,,"Putnam",
"Australia/Pacific","AU",,,"Western Australia",,,
"North America","US",,"Hawaii",,,"Hawaii",
"North America","US",,"Colorado",,,"Pueblo",
"North America","US",,"Pennsylvania",,,"Clinton",
"Europe","FR",,,"Languedoc-Roussillon","Herault",,
"North America","US",,"Tennessee",,,"Hamilton",
"North America","US",,"PR",,,"Loiza",
"North America","US",,"Virginia",,,"Alexandria (City)",
