"Continent","Country","State_Code","State","Region","Province","County","City"
"North America","US",,"Virginia",,,"Hopewell (City)",
"North America","US",,"Michigan",,,"Calhoun",
"North America","US",,"Idaho",,,"Kootenai",
"Europe","ES",,,"Asturias","Asturias",,
"North America","US",,"Kansas",,,"Franklin",
"Europe","DE",,"Nordrhein-Westfalen",,,"Kleve",
"North America","US",,"Tennessee",,,"Bedford",
"North America","US",,"Wisconsin",,,"Monroe",
"North America","US",,"Georgia",,,"Fannin",
"North America","US",,"Georgia",,,"Walker",
"North America","US",,"Illinois",,,"Knox",
"North America","US",,"Illinois",,,"Jackson",
"North America","US",,"Pennsylvania",,,"Susquehanna",
"Europe","DE",,"Rheinland-Pfalz",,,"Neuwied",
"North America","US",,"California",,,"Solano",
"North America","US",,"Wisconsin",,,"Rock",
"North America","US",,"West Virginia",,,"Berkeley",
"North America","US",,"Mississippi",,,"Lauderdale",
"North America","US",,"Wisconsin",,,"Green",
"Europe","DE",,"Bayern",,,"Würzburg",
"Europe","IT",,,"Molise","Isernia",,
"North America","US",,"Minnesota",,,"Rice",
"North America","US",,"Alabama",,,"Colbert",
"North America","US",,"Kentucky",,,"Leslie",
"Europe","FR",,,"Provence-Alpes-Cote","Var",,
"North America","US",,"Virginia",,,"Petersburg (City)",
"North America","US",,"Wisconsin",,,"Dunn",
"North America","US",,"California",,,"Kern",
"North America","US",,"Ohio",,,"Hardin",
"North America","US",,"Georgia",,,"Randolph",
"North America","CA",,"British Columbia",,,,
"North America","US",,"PR",,,"Manati",
"Europe","IT",,,"Lombardia","Sondrio",,
"Europe","GB",,"England",,"Hertfordshire",,
"North America","US",,"New York",,,"Wayne",
"North America","US",,"Wyoming",,,"Big Horn",
"North America","US",,"Florida",,,"Santa Rosa",
"North America","US",,"North Carolina",,,"Craven",
"North America","US",,"North Carolina",,,"Buncombe",
"North America","US",,"Georgia",,,"Irwin",
"North America","US",,"Washington",,,"Okanogan",
"North America","US",,"Illinois",,,"la Salle",
"Europe","FR",,,"Alsace","Bas-Rhin",,
"Europe","DE",,"Nordrhein-Westfalen",,,"Bochum",
"North America","US",,"Illinois",,,"Putnam",
"Europe","GB",,"England",,"Kent",,
"North America","US",,"Mississippi",,,"Holmes",
"Europe","BE",,,,"Antwerpen","Turnhout",
"North America","US",,"Texas",,,"Hartley",
"North America","US",,"Kentucky",,,"Monroe",
"North America","US",,"Indiana",,,"Dearborn",
"North America","US",,"North Carolina",,,"Stanly",
"Europe","IT",,,"Abruzzi","Teramo",,
"North America","US",,"Texas",,,"Menard",
"North America","US",,"Wisconsin",,,"Sauk",
"North America","US",,"Mississippi",,,"Coahoma",
"Europe","DE",,"Hessen",,,"Fulda",
"North America","US",,"PR",,,"Vega Alta",
"Europe","DE",,"Baden-Württemberg",,,"Böblingen",
"North America","US",,"Indiana",,,"Franklin",
"North America","US",,"Missouri",,,"Randolph",
"Europe","DE",,"Bayern",,,"Ansbach",
"Europe","IT",,,"Abruzzi","l'Aquila",,
"North America","US",,"Illinois",,,"Mcdonough",
"Europe","IT",,,"Sicilia","Agrigento",,
"Europe","BE",,,"Flanders","Oost-Vlaanderen","Gent",
"North America","US",,"Wisconsin",,,"Barron",
"Europe","ES",,,"Pais Vasco","Vizcaya",,
"Europe","DK",,,"Sjælland","Københavns amt",,
"North America","US",,"Arkansas",,,"St. Francis",
"North America","US",,"Texas",,,"Navarro",
"North America","US",,"Maine",,,"Androscoggin",
"North America","US",,"Georgia",,,"Fayette",
"Europe","IT",,,"Basilicata","Matera",,
"North America","US",,"Ohio",,,"Delaware",
"Europe","GB",,"England",,"South Humberside",,
"Europe","FR",,,"Bretagne","Ille-Et-Vilaine",,
"North America","US",,"Florida",,,"Okeechobee",
"Europe","DE",,"Baden-Württemberg",,,"Mannheim",
"North America","US",,"Virginia",,,"Grayson",
"North America","US",,"North Carolina",,,"Cherokee",
"North America","US",,"Illinois",,,"Madison",
"North America","US",,"Texas",,,"Robertson",
"Europe","IT",,,"Friuli Venezia Giulia","Gorizia",,
"North America","US",,"Tennessee",,,"Sullivan",
"North America","US",,"Illinois",,,"Lee",
"North America","US",,"California",,,"Yolo",
"North America","US",,"Arkansas",,,"Hot Spring",
"Europe","BE",,,"Wallonia","Liège","Huy",
"Europe","DE",,"Niedersachsen",,,"Emden",
"Europe","DE",,"Sachsen-Anhalt",,,"Magdeburg",
"Europe","GB",,"England",,"East Sussex",,
"North America","US",,"Arkansas",,,"Marion",
"North America","US",,"Kansas",,,"Finney",
"North America","US",,"Missouri",,,"Warren",
"North America","US",,"New Jersey",,,"Burlington",
"North America","US",,"Texas",,,"Smith",
"North America","US",,"Vermont",,,"Addison",
"North America","US",,"Texas",,,"Angelina",
"North America","US",,"Georgia",,,"Decatur",
"North America","US",,"Indiana",,,"Delaware",
"Europe","FR",,,"Poitou-Charentes","Charente",,
"North America","US",,"Texas",,,"Kerr",
"Europe","FR",,,"Auvergne","Cantal",,
"North America","US",,"Oklahoma",,,"Kingfisher",
"North America","US",,"Arkansas",,,"Washington",
"North America","US",,"South Carolina",,,"Bamberg",
"North America","US",,"South Dakota",,,"Moody",
"North America","US",,"West Virginia",,,"Ohio",
"North America","US",,"New Jersey",,,"Cumberland",
"North America","US",,"Virginia",,,"Southampton",
"North America","US",,"Ohio",,,"Huron",
"North America","US",,"Maryland",,,"Baltimore (City)",
"North America","US",,"Kentucky",,,"Mccracken",
"North America","US",,"Minnesota",,,"Blue Earth",
"North America","US",,"Arizona",,,"Santa Cruz",
"North America","US",,"North Carolina",,,"Harnett",
"North America","US",,"Florida",,,"Brevard",
"North America","US",,"Wisconsin",,,"Milwaukee",
"North America","US",,"Pennsylvania",,,"Venango",
"North America","US",,"Florida",,,"Polk",
"Europe","DE",,"Mecklenburg-Vorpommern",,,"Greifswald",
"North America","US",,"Missouri",,,"Platte",
"North America","US",,"Michigan",,,"Oakland",
"North America","US",,"Tennessee",,,"Carter",
"North America","US",,"Louisiana",,,"Washington",
"North America","US",,"Michigan",,,"St. Joseph",
"Europe","GB",,"England",,"West Midlands",,
"North America","US",,"Illinois",,,"Wayne",
"North America","US",,"Georgia",,,"Tift",
"North America","US",,"Oklahoma",,,"Custer",
"North America","US",,"Arkansas",,,"Jackson",
"North America","US",,"Ohio",,,"Clermont",
"Europe","IT",,,"Lombardia","Cremona",,
"North America","US",,"Texas",,,"Palo Pinto",
"North America","US",,"Georgia",,,"Dodge",
"North America","US",,"Virginia",,,"Danville (City)",
"North America","US",,"Missouri",,,"Franklin",
"North America","US",,"Arizona",,,"Yavapai",
"North America","US",,"Kentucky",,,"Clark",
"North America","US",,"Oklahoma",,,"Rogers",
"North America","US",,"Illinois",,,"Woodford",
"North America","US",,"Pennsylvania",,,"Pike",
"North America","US",,"Tennessee",,,"White",
"North America","US",,"Alabama",,,"Elmore",
"North America","US",,"Pennsylvania",,,"Westmoreland",
"North America","US",,"Tennessee",,,"Morgan",
"North America","US",,"Pennsylvania",,,"Blair",
"Europe","FR",,,"Languedoc-Roussillon","Pyrenees-Orientales",,
"North America","US",,"South Carolina",,,"Lancaster",
"Europe","ES",,,"Cataluña","Tarragona",,
"North America","US",,"Missouri",,,"Wayne",
"Europe","FR",,,"Rhone-Alpes","Drome",,
"North America","US",,"Pennsylvania",,,"Lebanon",
"North America","US",,"Georgia",,,"Bartow",
"North America","US",,"Texas",,,"Henderson",
"North America","US",,"Pennsylvania",,,"Monroe",
"Africa","NG",,,,,,
"North America","US",,"Maryland",,,"Somerset",
"North America","US",,"Alabama",,,"Tuscaloosa",
"North America","US",,"California",,,"Monterey",
"North America","US",,"New York",,,"Nassau",
"North America","US",,"Arizona",,,"Yuma",
"North America","US",,"California",,,"Lake",
"North America","US",,"Florida",,,"Lee",
"North America","US",,"Colorado",,,"Douglas",
"North America","US",,"PR",,,"Barranquitas",
"North America","US",,"Virginia",,,"Fairfax",
"North America","US",,"Illinois",,,"Logan",
"North America","US",,"Missouri",,,"Cape Girardeau",
"North America","US",,"Texas",,,"Live Oak",
"North America","US",,"Montana",,,"Jefferson",
"North America","US",,"North Carolina",,,"Pender",
"North America","US",,"PR",,,"Lajas",
"North America","US",,"Texas",,,"Lee",
"North America","US",,"Ohio",,,"Seneca",
"North America","US",,"Michigan",,,"Muskegon",
"Australia/Pacific","AU",,,"Tasmania",,,
"North America","US",,"Kentucky",,,"Elliott",
"Europe","GB",,"England",,"Dorset",,
"North America","US",,"Michigan",,,"Allegan",
"North America","US",,"Alabama",,,"Montgomery",
"Europe","FR",,,"Pays-de-la-Loire","Loire-Atlantique",,
"North America","US",,"New Jersey",,,"Warren",
"North America","US",,"West Virginia",,,"Randolph",
"North America","US",,"North Carolina",,,"Dare",
"North America","US",,"Georgia",,,"Dougherty",
"North America","US",,"Ohio",,,"Lucas",
"North America","US",,"Iowa",,,"Linn",
"North America","US",,"Texas",,,"Williamson",
"North America","US",,"PR",,,"San Sebastian",
"North America","US",,"Texas",,,"Coleman",
"North America","US",,"Pennsylvania",,,"Erie",
"North America","US",,"Colorado",,,"Denver",
"North America","US",,"California",,,"San Mateo",
"North America","US",,"Oklahoma",,,"Canadian",
"North America","US",,"Illinois",,,"Stark",
"North America","US",,"Wisconsin",,,"Manitowoc",
"North America","US",,"Arkansas",,,"Ashley",
"North America","US",,"Wisconsin",,,"Eau Claire",
"North America","US",,"Maryland",,,"Howard",
"North America","US",,"New Jersey",,,"Middlesex",
"Europe","ES",,,"Extremadura","Badajoz",,
"North America","US",,"Alabama",,,"Limestone",
"North America","US",,"North Carolina",,,"Caldwell",
"North America","US",,"Wisconsin",,,"Winnebago",
"Europe","IT",,,"Toscana","Siena",,
"North America","US",,"Ohio",,,"Carroll",
"Europe","DE",,"Bayern",,,"Bayreuth",
"North America","US",,"New Jersey",,,"Essex",
"North America","US",,"Indiana",,,"Putnam",
"North America","US",,"Tennessee",,,"Williamson",
"North America","US",,"Alabama",,,"Tallapoosa",
"North America","US",,"Ohio",,,"Coshocton",
"North America","US",,"Ohio",,,"Knox",
"North America","US",,"Hawaii",,,"Honolulu",
"North America","US",,"Pennsylvania",,,"Beaver",
"North America","US",,"New York",,,"Erie",
"North America","US",,"Oklahoma",,,"Le Flore",
"North America","US",,"Georgia",,,"Clarke",
"Europe","GB",,"England",,"North Yorkshire",,
"North America","US",,"Louisiana",,,"Claiborne",
"North America","US",,"Georgia",,,"Henry",
"North America","US",,"New Jersey",,,"Gloucester",
"North America","US",,"Georgia",,,"Carroll",
"North America","US",,"Kansas",,,"Ellis",
"Europe","BE",,,"Flanders","Brabant Wallon","Nivelles",
"North America","US",,"Arkansas",,,"Yell",
"North America","US",,"North Carolina",,,"Onslow",
"North America","US",,"Louisiana",,,"Livingston",
"North America","US",,"Arkansas",,,"Grant",
"North America","US",,"Mississippi",,,"Marshall",
"North America","US",,"Virginia",,,"Chesapeake (City)",
"North America","US",,"Louisiana",,,"St. Landry",
"North America","US",,"PR",,,"Toa Alta",
"North America","US",,"Florida",,,"Manatee",
"North America","US",,"Massachusetts",,,"Plymouth",
"North America","US",,"Florida",,,"Hernando",
"North America","US",,"Michigan",,,"Benzie",
"Europe","DK",,,"Sjælland","Københavns kommune",,
"Europe","GB",,"England",,"Suffolk",,
"North America","US",,"Tennessee",,,"Sumner",
"North America","US",,"Kentucky",,,"Breckinridge",
"North America","US",,"North Dakota",,,"Mcintosh",
"North America","US",,"Utah",,,"Sanpete",
"Europe","BE",,,"Flanders","Limburg","Tongeren",
"Europe","GB",,"England",,"Lancashire",,"Manchester"
"North America","US",,"Maine",,,"Penobscot",
"Europe","DE",,"Brandenburg",,,"Cottbus",
"North America","US",,"Virginia",,,"Fredericksburg",
"North America","US",,"Tennessee",,,"Loudon",
"North America","US",,"Delaware",,,"Chester",
"North America","US",,"Texas",,,"Panola",
"North America","US",,"Florida",,,"Pasco",
"North America","US",,"Arkansas",,,"Pulaski",
"North America","US",,"Illinois",,,"Mchenry",
"North America","US",,"Minnesota",,,"Lake",
"North America","US",,"Oregon",,,"Josephine",
"North America","US",,"California",,,"Napa",
"North America","US",,"South Carolina",,,"Abbeville",
"North America","US",,"Pennsylvania",,,"Luzerne",
"North America","US",,"Oklahoma",,,"Okfuskee",
"North America","US",,"Iowa",,,"Appanoose",
"North America","US",,"New York",,,"Ulster",
"North America","US",,"Louisiana",,,"St. Bernard",
"Europe","BE",,,"Flanders","Antwerpen","Mechelen",
"Europe","IT",,,"Emilia Romagna","Ferrara",,
"North America","US",,"Michigan",,,"Huron",
"Europe","DE",,"Rheinland-Pfalz",,,"Koblenz",
"Europe","IT",,,"Marche","Macerata",,
"Europe","DE",,"Hessen",,,"Darmstadt",
"North America","US",,"District of Columbia",,,"District of Columbia",
"North America","US",,"Georgia",,,"Fulton","Atlanta"
"North America","US",,"California",,,"Orange",
"North America","US",,"New York",,,"Fulton",
"North America","US",,"Arizona",,,"Maricopa",
"North America","US",,"Virginia",,,"Charlottesville (City)",
"North America","US",,"Utah",,,"Washington",
"North America","US",,"Iowa",,,"Clinton",
"North America","US",,"Texas",,,"Washington",
"Europe","GB",,"England",,"Hampshire",,
"North America","US",,"Missouri",,,"Ray",
"North America","US",,"Washington",,,"Thurston",
"North America","US",,"Louisiana",,,"East Baton Rouge",
"North America","US",,"Florida",,,"Duval","Jacksonville"
"North America","US",,"Ohio",,,"Belmont",
"North America","US",,"South Carolina",,,"Sumter",
"North America","US",,"North Carolina",,,"Columbus",
"North America","US",,"Utah",,,"Wayne",
"North America","US",,"Louisiana",,,"Acadia",
"North America","US",,"Florida",,,"Hillsborough",
"Europe","DE",,"Baden-Württemberg",,,"Stuttgart",
"North America","US",,"Washington",,,"Island",
"North America","US",,"North Carolina",,,"Alamance",
"North America","US",,"New York",,,"Jefferson",
"North America","US",,"Indiana",,,"Warren",
"North America","US",,"Indiana",,,"Starke",
"Europe","DE",,"Niedersachsen",,,"Hannover","Hannover"
"North America","US",,"Arkansas",,,"Nevada",
"North America","US",,"Illinois",,,"Kendall",
"Europe","IT",,,"Toscana","Arezzo",,
"North America","US",,"Texas",,,"Tom Green",
"Europe","FR",,,"Haute-Normandie","Seine-Maritime",,
"North America","US",,"Maine",,,"Franklin",
"North America","US",,"PR",,,"Corozal",
"North America","US",,"Texas",,,"Montague",
"North America","US",,"Missouri",,,"Texas",
"North America","US",,"Michigan",,,"Gogebic",
"North America","US",,"Pennsylvania",,,"Somerset",
"North America","US",,"Virginia",,,"Montgomery",
"Europe","DE",,"Rheinland-Pfalz",,,"Worms",
"North America","US",,"Alaska",,,"Northwest Arctic",
"North America","US",,"Texas",,,"Tarrant",
"North America","US",,"Virginia",,,"Brunswick",
"North America","US",,"New York",,,"Queens",
"North America","US",,"Arizona",,,"Pima",
"North America","US",,"Delaware",,,"New Castle","Wilmington"
"North America","US",,"Texas",,,"Bastrop",
"North America","US",,"Texas",,,"Lamar",
"Europe","GB",,"England",,"Cornwall",,
"Europe","BE",,,,"Antwerpen","Mechelen",
"North America","US",,"New York",,,"Niagara",
"North America","US",,"Ohio",,,"Summit",
"Europe","DE",,"Baden-Württemberg",,,"Konstanz",
"North America","US",,"Pennsylvania",,,"Indiana",
"Europe","GB",,"England",,"Devon",,
"Europe","ES",,,"Castilla la Mancha","Ciudad Real",,
"North America","US",,"Ohio",,,"Richland",
"North America","US",,"Florida",,,"Lake",
"Europe","FR",,,"Champagne-Ardenne","Aube",,
"Europe","GB",,"England",,"Oxfordshire",,
"North America","US",,"Idaho",,,"Benewah",
"North America","US",,"California",,,"Inyo",
"North America","US",,"California",,,"Los Angeles","Los Angeles"
"North America","US",,"Georgia",,,"Whitfield",
"Europe","DE",,"Nordrhein-Westfalen",,,"Solingen",
"North America","US",,"PR",,,"Maricao",
"North America","US",,"South Carolina",,,"Greenville",
"North America","US",,"Michigan",,,"Clinton",
"North America","US",,"Georgia",,,"Floyd",
"North America","US",,"North Dakota",,,"Rolette",
"North America","US",,"Maine",,,"Cumberland",
"North America","US",,"Virginia",,,"Tazewell",
"North America","US",,"Colorado",,,"Garfield",
"North America","US",,"Arkansas",,,"Bradley",
"North America","US",,"Texas",,,"Potter",
"North America","US",,"Arkansas",,,"Boone",
"Europe","ES",,,"Canarias","Gran Canaria",,
"North America","US",,"New Mexico",,,"Lea",
"Europe","DE",,"Nordrhein-Westfalen",,,"Neuss",
"North America","US",,"Minnesota",,,"Todd",
"North America","US",,"Maryland",,,"Frederick",
"North America","US",,"Iowa",,,"Mahaska",
"North America","US",,"New York",,,"Orange",
"Europe","IT",,,"Veneto","Belluno",,
"North America","US",,"Texas",,,"Collin",
"North America","US",,"Alabama",,,"Lee",
"North America","US",,"Florida",,,"Marion",
"Europe","FR",,,"Centre","Indre",,
"North America","US",,"Arizona",,,"Cochise",
"North America","US",,"Texas",,,"Dallas","Dallas"
"Europe","DE",,"Nordrhein-Westfalen",,,"Soest",
"North America","US",,"Wisconsin",,,"Waukesha",
"North America","US",,"New York",,,"Dutchess",
"North America","US",,"North Carolina",,,"Greene",
"Europe","FR",,,"Bretagne","Finistere",,
"North America","US",,"Michigan",,,"Mackinac",
"North America","US",,"Virginia",,,"Bland",
"Europe","GB",,"England",,"Warwickshire",,
"Europe","DE",,"Nordrhein-Westfalen",,,"Mettmann",
"Europe","ES",,,"Castilla Y Leon","Avila",,
"North America","US",,"Pennsylvania",,,"Northampton",
"Europe","FR",,,"Midi-Pyrenees","Tarn-Et-Garonne",,
"North America","US",,"Texas",,,"Jones",
"Europe","IT",,,"Liguria","la Spezia",,
"North America","US",,"New Jersey",,,"Camden",
"North America","US",,"New York",,,"Schoharie",
"Europe","DE",,"Bayern",,,"Nürnberg",
"North America","US",,"New Mexico",,,"Santa Fe","Santa Fe"
"North America","US",,"North Carolina",,,"Forsyth",
"Europe","GB",,"England",,"Bedfordshire",,
"North America","US",,"North Dakota",,,"Cass",
"Europe","BG",,,,,,
"North America","US",,"New Mexico",,,"Sierra",
"Europe","IT",,,"Calabria","Catanzaro",,
"Europe","BE",,,"Flanders","Oost-Vlaanderen","Eeklo",
"North America","US",,"North Carolina",,,"Union",
"North America","US",,"Virginia",,,"Madison",
"North America","US",,"Montana",,,"Flathead",
"North America","US",,"Georgia",,,"Brantley",
"North America","US",,"Kentucky",,,"Jessamine",
"Europe","ES",,,"Baleares","Baleares",,
"Europe","DE",,,,,,"Walldorf"
"North America","US",,"Missouri",,,"Cole",
"Europe","IT",,,"Veneto","Treviso",,
"Europe","DE",,"Schleswig-Holstein",,,"Flensburg",
"North America","US",,"Indiana",,,"Laporte",
"North America","US",,"Missouri",,,"Lewis",
"North America","US",,"PR",,,"Anasco",
"Europe","DE",,"Hessen",,,"Wiesbaden",
"Europe","FR",,,"Provence-Alpes-Cote","Alpes-Maritimes",,
"North America","US",,"Louisiana",,,"St. Martin",
"North America","US",,"Louisiana",,,"Orleans",
"North America","US",,"Texas",,,"Denton",
"North America","US",,"Indiana",,,"Lake",
"Europe","ES",,,"Cataluña","Barcelona",,
"Europe","IT",,,"Friuli Venezia Giulia","Trieste",,
"North America","US",,"Mississippi",,,"Grenada",
"North America","US",,"Oregon",,,"Coos",
"North America","US",,"North Dakota",,,"Ward",
"North America","US",,"Michigan",,,"Kent",
"North America","US",,"Indiana",,,"Spencer",
"Europe","BE",,,"Wallonia","Luxembourg","Arlon",
"North America","US",,"New Hampshire",,,"Belknap",
"North America","CA",,"New Brunswick",,,,
"North America","US",,"New York",,,"Kings",
"North America","US",,"Alabama",,,"Baldwin",
"Europe","GB",,"England",,"Wiltshire",,
"North America","US",,"Texas",,,"Rockwall",
"Europe","IT",,,"Puglia","Taranto",,
"Europe","IT",,,"Toscana","Grosseto",,
"North America","US",,"Texas",,,"Rains",
"North America","US",,"Iowa",,,"Dickinson",
"North America","CA",,"Alberta",,,,
"North America","US",,"Pennsylvania",,,"Cambria",
"Europe","IT",,,"Sardegna","Nuoro",,
"Europe","DE",,"Nordrhein-Westfalen",,,"Warendorf",
"North America","US",,"Kansas",,,"Gove",
"Europe","DE",,"Baden-Württemberg",,,"Pforzheim",
"North America","US",,"Texas",,,"Grimes",
"Europe","HU",,,,,,
"North America","US",,"Washington",,,"Pierce",
"Europe","BE",,,"Flanders","Oost-Vlaanderen","Oudenaarde",
"North America","US",,"Michigan",,,"Van Buren",
"Europe","FR",,,"Languedoc-Roussillon","Lozere",,
"Europe","FR",,,"Ile-de-France","Seine-Saint-Denis",,
"North America","US",,"Maryland",,,"Anne Arundel",
"North America","US",,"Indiana",,,"Montgomery",
"North America","US",,"Pennsylvania",,,"Lehigh",
"North America","US",,"Georgia",,,"Jenkins",
"North America","US",,"Utah",,,"Sevier",
"North America","US",,"Mississippi",,,"Hancock",
"North America","US",,"Florida",,,"Flagler",
"North America","CA",,"Ontario",,,,
"North America","US",,"Vermont",,,"Washington",
"Europe","GB",,"England",,"Derbyshire",,
"North America","US",,"Iowa",,,"Dubuque",
"North America","US",,"Michigan",,,"Ingham",
"North America","US",,"Alabama",,,"Marengo",
"Europe","DK",,,"Jylland","Ringkøbing amt",,
"North America","US",,"Pennsylvania",,,"Tioga",
"North America","US",,"Nebraska",,,"Saline",
"North America","US",,"California",,,"Humboldt",
"North America","US",,"New Hampshire",,,"Rockingham",
"North America","US",,"Illinois",,,"Champaign",
"Europe","DE",,"Sachsen-Anhalt",,,"Staßfurt",
"North America","US",,"Alabama",,,"Conecuh",
"North America","US",,"South Carolina",,,"Dorchester",
"North America","US",,"Virginia",,,"Waynesboro (City)",
"Europe","FR",,,"Pays-de-la-Loire","Maine-Et-Loire",,
"North America","US",,"Illinois",,,"Henderson",
"North America","US",,"Tennessee",,,"Jackson",
"North America","US",,"Kansas",,,"Rawlins",
"North America","US",,"Illinois",,,"Perry",
"Europe","BE",,,"Bruxelles","Brussel-hoofdstad","Brussel-hoofdstad",
"Europe","IT",,,"Veneto","Padova",,
"North America","US",,"Texas",,,"Victoria",
"North America","US",,"Florida",,,"Walton",
"Europe","BE",,,"Flanders","West-Vlaanderen","Ieper",
"Europe","IT",,,"Basilicata","Potenza",,
"Europe","DE",,"Baden-Württemberg",,,"Schwäbisch Hall",
"North America","US",,"South Carolina",,,"Darlington",
"North America","US",,"Kentucky",,,"Christian",
"North America","US",,"Pennsylvania",,,"Mercer",
"North America","US",,"Ohio",,,"Wood",
"North America","US",,"North Carolina",,,"Graham",
"Europe","BE",,,"Wallonia","Hainaut","Thuin",
"North America","US",,"Wisconsin",,,"Bayfield",
"North America","US",,"Maine",,,"Kennebec",
"Europe","IE",,,,,,
"North America","US",,"Pennsylvania",,,"Cumberland",
"North America","US",,"New York",,,"Otsego",
"North America","US",,"Kentucky",,,"Carroll",
"North America","US",,"Florida",,,"Collier",
"North America","US",,"Illinois",,,"Williamson",
"Europe","DE",,"Bayern",,,"Kempten",
"North America","US",,"Tennessee",,,"Rutherford",
"North America","US",,"North Carolina",,,"Nash",
"Europe","ES",,,"Extremadura","Caceres",,
"North America","US",,"Ohio",,,"Lawrence",
"North America","US",,"Missouri",,,"Boone",
"North America","US",,"Oregon",,,"Crook",
"Europe","ES",,,"Andalucia","Sevilla",,
"North America","US",,"New Jersey",,,"Hunterdon",
"Europe","BE",,,"Flanders","West-Vlaanderen","Roeselare",
"North America","US",,"Wisconsin",,,"Dane",
"North America","US",,"Montana",,,"Ravalli",
"Europe","DE",,"Baden-Württemberg",,,"Heidelberg",
"Europe","IT",,,"Emilia Romagna","Ravenna",,
"Europe","DE",,"Bayern",,,"Fürth",
"North America","US",,"Washington",,,"Whatcom",
"North America","US",,"Iowa",,,"Black Hawk",
"Europe","LT",,,,,,
"North America","US",,"Louisiana",,,"Catahoula",
"North America","US",,"Michigan",,,"Genesee",
"North America","US",,"Virginia",,,"Isle of Wight",
"North America","US",,"Nebraska",,,"Dakota",
"North America","US",,"Minnesota",,,"Scott",
"North America","US",,"PR",,,"Lares",
"Europe","DE",,"Bremen",,,"Bremerhaven",
"Europe","FR",,,"Franche-Comte","Territoire-de-Belfort",,
"Europe","GB",,"Northern Ireland",,"County Down",,
"Europe","IT",,,"Campania","Benevento",,
"North America","US",,"Ohio",,,"Greene",
"North America","US",,"Rhode Island",,,"Bristol",
"Europe","ES",,,"Galicia","Orense",,
"North America","US",,"California",,,"Tuolumne",
"North America","US",,"North Dakota",,,"Traill",
"North America","US",,"Alabama",,,"Wilcox",
"North America","US",,"Tennessee",,,"Madison",
"North America","US",,"Georgia",,,"Appling",
"North America","US",,"Maine",,,"Knox",
"North America","US",,"Virginia",,,"Norfolk (City)",
"Europe","FR",,,"Rhone-Alpes","Haute-Savoie",,
"North America","US",,"North Dakota",,,"Nelson",
"Europe","IT",,,"Marche","Ascoli Piceno",,
"North America","US",,"South Carolina",,,"Mccormick",
"Europe","DE",,"Bayern",,,"Neu-Ulm",
"North America","US",,"New Jersey",,,"Somerset",
"Europe","FR",,,"Rhone-Alpes","Isere",,
"North America","US",,"Texas",,,"Mitchell",
"North America","US",,"Michigan",,,"Ottawa",
"North America","US",,"Iowa",,,"Woodbury",
"Europe","DE",,"Niedersachsen",,,"Osnabrück",
"North America","US",,"California",,,"Merced",
"North America","US",,"Pennsylvania",,,"Crawford",
"North America","US",,"New York",,,"Cortland",
"Europe","GB",,"England",,"Somerset",,
"North America","US",,"Louisiana",,,"East Feliciana",
"Europe","GB",,"Wales",,"Gwynedd",,
"Europe","DE",,"Nordrhein-Westfalen",,,"Düsseldorf",
"North America","US",,"Kentucky",,,"Hopkins",
"North America","US",,"North Carolina",,,"Rockingham",
"North America","US",,"Georgia",,,"Catoosa",
"North America","US",,"South Carolina",,,"Florence",
"North America","US",,"Ohio",,,"Trumbull",
"North America","US",,"Illinois",,,"Fulton",
"North America","US",,"Oregon",,,"Yamhill",
"Europe","DE",,"Nordrhein-Westfalen",,,"Bonn",
"North America","US",,"Indiana",,,"Hendricks",
"Europe","DE",,,,,,"Koeln"
"North America","US",,"Florida",,,"Nassau",
"North America","US",,"Maryland",,,"Charles",
"North America","US",,"Pennsylvania",,,"Mifflin",
"Europe","IT",,,"Toscana","Pistoia",,
"North America","US",,"Mississippi",,,"Rankin",
"North America","US",,"Colorado",,,"Otero",
"North America","US",,"Tennessee",,,"Sevier",
"Europe","DE",,"Schleswig-Holstein",,,"Neumünster",
"North America","US",,"Texas",,,"El Paso",
"Europe","MK",,,,,,
"North America","US",,"Connecticut",,,"Fairfield",
"Europe","GB",,"England",,"West Yorkshire",,
"Europe","IT",,,"Veneto","Venezia",,
"Europe","DE",,"Nordrhein-Westfalen",,,"Remscheid",
"North America","US",,"Missouri",,,"Jackson",
"North America","US",,"Virginia",,,"King William",
"North America","US",,"California",,,"San Francisco","San Francisco"
"North America","US",,"Colorado",,,"Adams",
"Europe","GB",,"England",,"County Durham",,
"Europe","IT",,,"Marche","Ancona",,
"North America","US",,"Missouri",,,"Ralls",
"North America","US",,"Washington",,,"Douglas",
"North America","US",,"Alabama",,,"Cherokee",
"North America","US",,"Virginia",,,"Alleghany",
"North America","US",,"West Virginia",,,"Wayne",
"North America","US",,"Washington",,,"Grays Harbor",
"North America","US",,"Mississippi",,,"Monroe",
"Europe","IT",,,"Campania","Avellino",,
"North America","US",,"Texas",,,"Houston",
"North America","US",,"Kansas",,,"Hodgeman",
"North America","US",,"Pennsylvania",,,"Lackawanna",
"Europe","DE",,,,,,"Muenchen"
"North America","US",,"Hawaii",,,"Kauai",
"North America","US",,"Virginia",,,"Suffolk (City)",
"North America","US",,"West Virginia",,,"Tucker",
"Europe","DE",,"Sachsen-Anhalt",,,"Merseburg",
"North America","US",,"Connecticut",,,"New London",
"Europe","DE",,"Rheinland-Pfalz",,,"Trier",
"North America","US",,"Ohio",,,"Sandusky",
"Europe","BE",,,,"Brussel-hoofdstad","Brussel-hoofdstad",
"Europe","FR",,,"Alsace","Haut-Rhin",,
"Europe","IT",,,"Campania","Napoli",,
"North America","US",,"Georgia",,,"Glynn",
"Europe","IT",,,"Lazio","Frosinone",,
"North America","US",,"Missouri",,,"Buchanan",
"Europe","DE",,"Bremen",,,"Bremen","Bremen"
"North America","US",,"New Hampshire",,,"Hillsborough",
"North America","US",,"Mississippi",,,"Jackson",
"North America","US",,"Oregon",,,"Clackamas",
"North America","US",,"Virginia",,,"Rockingham",
"Europe","DE",,"Niedersachsen",,,"Wolfenbüttel",
"North America","US",,"Nebraska",,,"Lancaster",
"North America","US",,"Alabama",,,"Franklin",
"North America","US",,"Minnesota",,,"Mower",
"Europe","DE",,"Thüringen",,,"Gera",
"Europe","IT",,,"Sardegna","Cagliari",,
"North America","US",,"Georgia",,,"Washington",
"Europe","BE",,,"Flanders",,,
"North America","US",,"Pennsylvania",,,"Jefferson",
"North America","US",,"Mississippi",,,"Webster",
"North America","US",,"Georgia",,,"Bibb",
"Europe","IT",,,"Veneto","Verona",,
"North America","US",,"Mississippi",,,"Lawrence",
"North America","US",,"Georgia",,,"Emanuel",
"North America","US",,"Illinois",,,"Cook","Chicago"
"Europe","IT",,,"Toscana","Pisa",,
"Europe","ES",,,"Castilla la Mancha","Cuenca",,
"North America","US",,"Louisiana",,,"Morehouse",
"North America","US",,"Idaho",,,"Elmore",
"Europe","GB",,"England",,"West Sussex",,
"North America","US",,"California",,,"Ventura",
"North America","US",,"Kentucky",,,"Owen",
"North America","US",,"Louisiana",,,"Madison",
"North America","US",,"West Virginia",,,"Wetzel",
"North America","US",,"Nevada",,,"White Pine",
"North America","US",,"Louisiana",,,"Lafayette",
"Europe","FR",,,"Ile-de-France","Hauts-de-Seine",,
"Europe","DE",,"Baden-Württemberg",,,"Karlsruhe","Karlsruhe"
"Europe","IT",,,"Abruzzi","Pescara",,
"Europe","GB",,"Wales",,"South Glamorgan",,
"Europe","ES",,,"Pais Vasco","Guipuzcoa",,
"North America","US",,"Minnesota",,,"Hennepin",
"Europe","IT",,,"Liguria","Savona",,
"North America","US",,"Indiana",,,"Cass",
"Europe","BE",,,"Flanders","West-Vlaanderen","Veurne",
"North America","US",,"PR",,,"Dorado",
"Europe","ES",,,"Castilla la Mancha","Guadalajara",,
"North America","US",,"Mississippi",,,"Forrest",
"North America","US",,"Oklahoma",,,"Mccurtain",
"North America","US",,"Georgia",,,"Macon",
"North America","US",,"Georgia",,,"Chatham",
"Europe","FR",,,"Ile-de-France","Paris",,"Paris"
"North America","US",,"Mississippi",,,"Lincoln",
"North America","US",,"Wisconsin",,,"Oneida",
"North America","US",,"Washington",,,"Cowlitz",
"North America","US",,"Florida",,,"Escambia",
"Europe","DE",,"Schleswig-Holstein",,,"Pinneberg",
"North America","US",,"Illinois",,,"Clinton",
"North America","US",,"Kansas",,,"Osborne",
"Europe","DE",,"Rheinland-Pfalz",,,"Bad Kreuznach",
"North America","US",,"Virginia",,,"Craig",
"North America","US",,"Virginia",,,"Stafford",
"North America","US",,"Louisiana",,,"Rapides",
"North America","US",,"Michigan",,,"Saginaw",
"North America","US",,"Mississippi",,,"Pearl River",
"North America","US",,"Arkansas",,,"Stone",
"North America","US",,"Vermont",,,"Windsor",
"North America","US",,"Kentucky",,,"Obion",
"North America","US",,"North Dakota",,,"Emmons","Bismarck"
"North America","US",,"Indiana",,,"Clark",
"Europe","BE",,,"Wallonia","Hainaut","Mons",
"North America","US",,"Pennsylvania",,,"Northumberland",
"North America","US",,"Pennsylvania",,,"Mckean",
"Europe","GB",,"England",,"Nottinghamshire",,
"Europe","FR",,,"Pays-de-la-Loire","Sarthe",,
"Europe","IT",,,"Toscana","Livorno",,
"North America","US",,"Florida",,,"St. Lucie",
"Europe","GR",,,,,,
"North America","US",,"Louisiana",,,"Lafourche",
"Europe","GB",,"England",,"Herefordshire",,
"Europe","GB",,"Scotland",,"Argyll",,
"Europe","DE",,"Bayern",,,"Bamberg",
"North America","US",,"South Dakota",,,"Clay",
"North America","US",,"Alabama",,,"Lauderdale",
"Europe","DE",,"Saarland",,,"Saarlouis",
"Europe","DE",,"Berlin",,,"Berlin","Berlin"
"North America","US",,"Texas",,,"Jasper",
"Europe","IT",,,"Sicilia","Caltanissetta",,
"Europe","DE",,"Nordrhein-Westfalen",,,"Unna",
"North America","US",,"Arkansas",,,"Phillips",
"North America","US",,"North Carolina",,,"Rutherford",
"North America","US",,"Nevada",,,"Lyon",
"North America","US",,"Texas",,,"Wise",
"Europe","DK",,,"Jylland","Sønderjyllands amt",,
"North America","US",,"Louisiana",,,"Vernon",
"North America","US",,"Utah",,,"Cache",
"North America","US",,"Nebraska",,,"Sheridan",
"North America","US",,"Michigan",,,"Monroe",
"North America","US",,"North Carolina",,,"Lee",
"Europe","IT",,,"Trentino Alto Adige","Trento",,
"North America","US",,"New York",,,"New York","New York"
"North America","US",,"Illinois",,,"Jefferson",
"Africa","MA",,,,,,
"North America","US",,"Alaska",,,"Bethel (Ca)",
"North America","US",,"Maine",,,"Somerset",
"North America","US",,"Missouri",,,"St. Francois",
"North America","US",,"Louisiana",,,"Calcasieu",
"North America","US",,"Texas",,,"Montgomery",
"Europe","GB",,"England",,"South Yorkshire",,
"Europe","DE",,"Nordrhein-Westfalen",,,"Siegen",
"Europe","IT",,,"Friuli Venezia Giulia","Pordenone",,
"Europe","GB",,,,,,"London"
"Europe","DE",,"Brandenburg",,,"Neuruppin",
"Europe","FR",,,"Aquitaine","Dordogne",,
"North America","US",,"California",,,"Sonoma",
"North America","US",,"Ohio",,,"Jefferson",
"North America","US",,"Indiana",,,"Jackson",
"Europe","IT",,,"Campania","Caserta",,
"Europe","IT",,,"Piemonte","Novara",,
"North America","US",,"Texas",,,"Jim Wells",
"North America","US",,"Ohio",,,"Miami",
"Europe","DE",,"Niedersachsen",,,"Göttingen",
"North America","US",,"Nebraska",,,"Hall",
"North America","US",,"Pennsylvania",,,"Bucks",
"Europe","DE",,"Nordrhein-Westfalen",,,"Krefeld",
"North America","US",,"Oklahoma",,,"Wagoner",
"North America","US",,"California",,,"Contra Costa","Antioch"
"Europe","IT",,,"Marche","Pesaro E Urbino",,
"North America","US",,"Mississippi",,,"Franklin",
"Europe","DE",,"Sachsen",,,"Plauen",
"North America","US",,"Georgia",,,"Oconee",
"North America","US",,"North Dakota",,,"Stutsman",
"North America","US",,"Louisiana",,,"Jefferson Davis",
"North America","US",,"California",,,"Shasta",
"North America","US",,"Oklahoma",,,"Payne",
"North America","US",,"Illinois",,,"Christian",
"Europe","DE",,"Niedersachsen",,,"Hildesheim",
"North America","US",,"Pennsylvania",,,"York",
"North America","US",,"Florida",,,"Charlotte",
"North America","US",,"Washington",,,"King",
"North America","US",,"Pennsylvania",,,"Washington",
"Europe","ES",,,"Madrid","Madrid",,"Madrid"
"North America","US",,"Kansas",,,"Wyandotte",
"North America","US",,"Michigan",,,"Macomb",
"North America","US",,"Missouri",,,"Lawrence",
"North America","US",,"Illinois",,,"Randolph",
"North America","US",,"Alabama",,,"Chilton",
"North America","US",,"North Carolina",,,"Cabarrus",
"Europe","DE",,"Nordrhein-Westfalen",,,"Essen",
"North America","US",,"South Dakota",,,"Meade",
"North America","US",,"New York",,,"Oneida",
"North America","US",,"California",,,"Alameda",
"North America","US",,"Alabama",,,"Morgan",
"North America","US",,"California",,,"Fresno",
"North America","US",,"PR",,,"Ponce",
"North America","US",,"Indiana",,,"Bartholomew",
"North America","US",,"Ohio",,,"Warren",
"North America","US",,"Illinois",,,"Mclean",
"North America","US",,"New York",,,"Westchester",
"Europe","DK",,,"Jylland","Århus amt",,
"North America","US",,"Indiana",,,"Orange",
"North America","US",,"Missouri",,,"St. Louis (City)",
"North America","US",,"Oregon",,,"Columbia",
"North America","US",,"Kentucky",,,"Franklin",
"North America","US",,"Georgia",,,"Cobb",
"Europe","DE",,"Nordrhein-Westfalen",,,"Bottrop",
"Europe","FR",,,"Poitou-Charentes","Vienne",,
"North America","CA",,"Manitoba",,,,
"North America","US",,"Louisiana",,,"St. Tammany",
"North America","US",,"New York",,,"Chemung",
"Europe","DE",,"Nordrhein-Westfalen",,,"Mönchengladbach",
"North America","US",,"Idaho",,,"Canyon",
"North America","US",,"Texas",,,"Brazos",
"Europe","ES",,,"Castilla Y Leon","Salamanca",,
"North America","US",,"Indiana",,,"Vigo",
"North America","US",,"Mississippi",,,"Lamar",
"Europe","FR",,,"Midi-Pyrenees","Haute-Garonne",,
"North America","US",,"Missouri",,,"Stoddard",
"North America","US",,"Illinois",,,"Franklin",
"North America","US",,"New Jersey",,,"Mercer",
"North America","US",,"West Virginia",,,"Mercer",
"North America","US",,"Georgia",,,"Stephens",
"North America","US",,"Maine",,,"York",
"Europe","FR",,,"Rhone-Alpes","Savoie",,
"North America","US",,"Missouri",,,"Callaway",
"North America","US",,"Kentucky",,,"Woodford",
"North America","US",,"Iowa",,,"Davis",
"Europe","BE",,,,"Liège","Liège",
"Europe","FR",,,"Limousin","Haute-Vienne",,
"North America","US",,"Ohio",,,"Fairfield",
"Europe","ES",,,"Andalucia","Granada",,
"North America","US",,"Virginia",,,"Henry",
"North America","US",,"Illinois",,,"Lake",
"North America","US",,"PR",,,"Bayamon",
"Europe","DK",,,"Sjælland","Roskilde amt",,
"North America","US",,"Minnesota",,,"Becker",
"North America","US",,"Georgia",,,"White",
"North America","US",,"New York",,,"Onondaga",
"North America","US",,"New York",,,"Steuben",
"North America","US",,"Arkansas",,,"Greene",
"North America","US",,"West Virginia",,,"Mingo",
"North America","US",,"Virginia",,,"Augusta",
"North America","US",,"Alabama",,,"Jefferson",
"North America","US",,"Kansas",,,"Cloud",
"North America","US",,"South Carolina",,,"Greenwood",
"North America","US",,"PR",,,"Caguas",
"North America","US",,"Illinois",,,"Coles",
"North America","US",,"Louisiana",,,"Jefferson",
"Europe","FR",,,"Bourgogne","Nievre",,
"North America","US",,"Texas",,,"Matagorda",
"Europe","BE",,,,"Vlaams-Brabant","Leuven",
"North America","US",,"Indiana",,,"Wayne",
"North America","US",,"Virginia",,,"Nelson",
"Europe","GB",,"England",,"North Humberside",,
"North America","US",,"Florida",,,"Volusia",
"North America","US",,"Illinois",,,"Fayette",
"North America","US",,"Texas",,,"Parker",
"North America","US",,"North Carolina",,,"Durham",
"North America","US",,"Idaho",,,"Box Elder",
"North America","US",,"Indiana",,,"Elkhart",
"North America","US",,"Massachusetts",,,"Suffolk",
"North America","US",,"North Carolina",,,"Polk",
"Europe","IT",,,,,,
"North America","US",,"Indiana",,,"Clinton",
"North America","US",,"Kansas",,,"Seward",
"North America","US",,"Indiana",,,"Noble",
"Europe","GB",,"Scotland",,"Midlothian",,
"North America","US",,"Connecticut",,,"Middlesex",
"North America","US",,"Texas",,,"Travis",
"North America","US",,"North Carolina",,,"Randolph",
"Europe","DE",,"Hamburg",,,"Hamburg",
"North America","US",,"Wyoming",,,"Sheridan",
"North America","US",,"North Carolina",,,"Richmond",
"North America","US",,"Michigan",,,"Isabella",
"North America","US",,"Missouri",,,"Pulaski",
"North America","US",,"Louisiana",,,"Bienville",
"North America","US",,"Colorado",,,"Jefferson",
"North America","US",,"Minnesota",,,"Washington",
"North America","US",,"Nebraska",,,"Keith",
"North America","US",,"Pennsylvania",,,"Centre",
"Europe","FR",,,"Champagne-Ardenne","Marne",,
"Europe","DK",,,"Jylland","Viborg amt",,
"North America","US",,"Georgia",,,"Camden",
"North America","US",,"Ohio",,,"Lake",
"Europe","DE",,"Niedersachsen",,,"Wilhelmshaven",
"North America","US",,"Mississippi",,,"Bolivar",
"North America","US",,"Ohio",,,"Allen",
"Europe","BE",,,"Flanders","Vlaams-Brabant","Leuven",
"North America","US",,"Virginia",,,"Covington (City)",
"North America","US",,"Wisconsin",,,"Ashland",
"Europe","FR",,,"Bourgogne","Yonne",,
"North America","US",,"Missouri",,,"Lincoln",
"North America","US",,"Maryland",,,"Calvert",
"Europe","BE",,,"Wallonia","Hainaut","Charleroi",
"North America","US",,"Montana",,,"Silver Bow",
"North America","US",,"Kansas",,,"Johnson",
"Australia/Pacific","AU",,,"Victoria",,,
"North America","US",,"Florida",,,"Broward",
"North America","US",,"Missouri",,,"St. Louis",
"Europe","GB",,"England",,"Gloucestershire",,
"North America","US",,"North Carolina",,,"Sampson",
"Europe","IT",,,"Toscana","Firenze",,
"North America","US",,"Kentucky",,,"Fayette",
"Europe","IT",,,"Emilia Romagna","Modena",,
"North America","US",,"Indiana",,,"Marion",
"Europe","FR",,,"Centre","Eure-Et-Loir",,
"North America","US",,"Louisiana",,,"St. John The Baptist",
"North America","US",,"Missouri",,,"Madison",
"North America","US",,"Rhode Island",,,"Washington",
"North America","US",,"Minnesota",,,"Watonwan",
"Europe","IT",,,"Calabria","Cosenza",,
"North America","US",,"Mississippi",,,"Winston",
"Australia/Pacific","AU",,,"Queensland",,,
"North America","US",,"Texas",,,"Cameron",
"North America","US",,"Virginia",,,"Caroline",
"North America","US",,"Alabama",,,"Clarke",
"North America","US",,"Michigan",,,"Wayne",
"Europe","DE",,"Mecklenburg-Vorpommern",,,"Rostock",
"North America","US",,"Utah",,,"Davis",
"North America","US",,"Texas",,,"Taylor",
"Europe","IT",,,"Lazio","Viterbo",,
"North America","US",,"Texas",,,"Bell",
"Europe","IT",,,"Toscana","Lucca",,
"North America","US",,"Pennsylvania",,,"Potter",
"North America","US",,"Arkansas",,,"White",
"North America","US",,"Florida",,,"Palm Beach",
"North America","US",,"Georgia",,,"Bulloch",
"Europe","IT",,,"Liguria","Genova",,
"Europe","IT",,,"Piemonte","Alessandria",,
"North America","US",,"Tennessee",,,"Bledsoe",
"Australia/Pacific","AU",,,"Australian Capital Territory",,,
"North America","US",,"Ohio",,,"Defiance",
"North America","US",,"Iowa",,,"Boone",
"Europe","GB",,"England",,"Avon",,
"North America","US",,"Texas",,,"Goliad",
"North America","US",,"Minnesota",,,"Kandiyohi",
"North America","US",,"Oklahoma",,,"Stephens",
"North America","US",,"Louisiana",,,"Natchitoches",
"Europe","FR",,,"Poitou-Charentes","Deux-Sevres",,
"North America","US",,"North Carolina",,,"Pitt",
"North America","US",,"Georgia",,,"Wayne",
"North America","US",,"Connecticut",,,"Windham",
"North America","US",,"New York",,,"Washington",
"North America","US",,"North Carolina",,,"Bertie",
"North America","US",,"Florida",,,"Miami-Dade",
"North America","US",,"West Virginia",,,"Monongalia",
"North America","US",,"Minnesota",,,"Ramsey",
"North America","US",,"Iowa",,,"Cerro Gordo",
"North America","US",,"Ohio",,,"Lorain",
"North America","US",,"Indiana",,,"Floyd",
"North America","US",,"Pennsylvania",,,"Clearfield",
"North America","US",,"Michigan",,,"Lenawee",
"North America","US",,"South Carolina",,,"Orangeburg",
"Europe","DE",,"Schleswig-Holstein",,,"Kiel",
"North America","US",,"Arizona",,,"Coconino",
"North America","US",,"Illinois",,,"Crawford",
"Europe","DE",,"Nordrhein-Westfalen",,,"Paderborn",
"North America","US",,"North Carolina",,,"Surry",
"North America","US",,"Indiana",,,"Madison",
"Europe","ES",,,"Castilla Y Leon","Burgos",,
"North America","US",,"Washington",,,"San Juan",
"North America","US",,"North Carolina",,,"Wake",
"Europe","GB",,"England",,"Surrey",,
"North America","US",,"California",,,"San Joaquin",
"North America","US",,"Massachusetts",,,"Middlesex",
"Europe","DK",,,"Fyn","Fyns amt",,
"North America","US",,"Mississippi",,,"Stone",
"North America","US",,"Indiana",,,"Fayette",
"North America","US",,"Kansas",,,"Barton",
"North America","US",,"Nebraska",,,"Sarpy",
"North America","US",,"Oregon",,,"Klamath",
"North America","US",,"Indiana",,,"Miami",
"North America","US",,"New York",,,"Bronx",
"North America","US",,"New York",,,"Ontario",
"Europe","DE",,"Thüringen",,,"Jena",
"North America","US",,"Minnesota",,,"Nicollet",
"North America","US",,"Iowa",,,"Guthrie",
"Europe","DE",,"Bayern",,,"Passau",
"North America","US",,"Utah",,,"Weber",
"Europe","BE",,,"Wallonia","Namur","Dinant",
"North America","US",,"Nebraska",,,"Douglas",
"North America","US",,"Kentucky",,,"Stewart",
"Europe","IT",,,"Emilia Romagna","Bologna",,
"North America","US",,"Iowa",,,"Scott",
"North America","US",,"Oregon",,,"Benton",
"North America","US",,"New York",,,"Chenango",
"North America","US",,"Kansas",,,"Leavenworth",
"Europe","FR",,,"Auvergne","Puy-de-Dome",,
"North America","US",,"New York",,,"Yates",
"North America","US",,"Maryland",,,"Talbot",
"North America","US",,"New York",,,"Chautauqua",
"North America","US",,"Kentucky",,,"Taylor",
"North America","US",,"Ohio",,,"Cuyahoga",
"Europe","DK",,,"Bornholm","Bornholms amt",,
"Europe","FR",,,"Centre","Loir-Et-Cher",,
"North America","US",,"Kentucky",,,"Shelby",
"North America","US",,"Michigan",,,"Jackson",
"Europe","FR",,,"Ile-de-France","Seine-Et-Marne",,
"North America","US",,"Ohio",,,"Union",
"North America","US",,"Mississippi",,,"Issaquena",
"North America","US",,"Tennessee",,,"Putnam",
"North America","US",,"Minnesota",,,"Swift",
"North America","US",,"Mississippi",,,"Desoto",
"North America","US",,"Tennessee",,,"Montgomery",
"Australia/Pacific","AU",,,"New South Wales",,,
"Europe","GB",,"England",,"Shropshire",,
"North America","US",,"Texas",,,"Hill",
"North America","US",,"Florida",,,"Alachua",
"North America","US",,"Indiana",,,"Owen",
"North America","US",,"Texas",,,"Moore",
"North America","US",,"Wisconsin",,,"Lincoln",
"North America","US",,"Texas",,,"Harris",
"North America","US",,"Massachusetts",,,"Norfolk",
"Europe","FR",,,"Nord-Pas-de-Calais","Pas-de-Calais",,
"North America","US",,"Colorado",,,"Weld",
"North America","US",,"Mississippi",,,"Hinds",
"Europe","DK",,,"Jylland","Ribe amt",,
"Europe","IT",,,"Piemonte","Asti",,
"North America","US",,"Texas",,,"Burleson",
"Europe","IT",,,"Lombardia","Varese",,
"North America","US",,"Wisconsin",,,"Door",
"Europe","DE",,"Baden-Württemberg",,,"Ludwigsburg",
"North America","US",,"North Carolina",,,"Mitchell",
"Europe","DE",,"Bayern",,,"Landshut",
"North America","US",,"Nebraska",,,"York",
"North America","US",,"Kentucky",,,"Pendleton",
"North America","US",,"North Carolina",,,"Cumberland",
"North America","US",,"Virginia",,,"Appomattox",
"North America","US",,"Idaho",,,"Bannock",
"North America","US",,"Pennsylvania",,,"Allegheny",
"North America","US",,"New York",,,"Rensselaer",
"North America","US",,"South Carolina",,,"Pickens",
"Europe","DE",,"Sachsen",,,"Dresden",
"North America","US",,"Pennsylvania",,,"Wayne",
"North America","US",,"Pennsylvania",,,"Snyder",
"Europe","BE",,,"Wallonia","Luxembourg","Marche-en-Famenne",
"North America","US",,"Florida",,,"Leon",
"North America","US",,"Virginia",,,"Russell",
"North America","US",,"New York",,,"Monroe",
"North America","US",,"Mississippi",,,"Copiah",
"North America","US",,"North Carolina",,,"Davidson",
"North America","US",,"Arizona",,,"Graham",
"North America","US",,"Minnesota",,,"Dakota",
"North America","US",,"Virginia",,,"Patrick",
"North America","US",,"California",,,"Nevada",
"North America","US",,"Tennessee",,,"Mcminn",
"North America","US",,"Oregon",,,"Polk",
"Europe","IT",,,"Lombardia","Mantova",,
"North America","US",,"Wisconsin",,,"Jefferson",
"Europe","DE",,"Nordrhein-Westfalen",,,"Heinsberg",
"North America","US",,"South Carolina",,,"Barnwell",
"North America","US",,"Minnesota",,,"Martin",
"Europe","FR",,,"98.0","98.0",,
"Europe","DE",,"Bayern",,,"Freising",
"Europe","FR",,,"Rhone-Alpes","Loire",,
"North America","US",,"Mississippi",,,"Itawamba",
"Europe","DE",,"Sachsen",,,"Meißen",
"Europe","DE",,"Bayern",,,"Rosenheim",
"North America","US",,"PR",,,"Canovanas",
"North America","US",,"Louisiana",,,"Beauregard",
"North America","US",,"Indiana",,,"Wabash",
"Europe","DE",,"Bayern",,,"Ingolstadt",
"North America","US",,"Georgia",,,"Laurens",
"Europe","FR",,,"Bretagne","Morbihan",,
"North America","US",,"Missouri",,,"Newton",
"North America","US",,"North Carolina",,,"Wayne",
"North America","US",,"Texas",,,"Brazoria",
"Europe","IT",,,"Liguria","Imperia",,
"North America","US",,"New Jersey",,,"Passaic",
"North America","US",,"Kentucky",,,"Jefferson",
"North America","US",,"New Mexico",,,"Mckinley",
"Europe","DE",,"Bayern",,,"Erding",
"North America","US",,"New Mexico",,,"Dona Ana",
"North America","US",,"Texas",,,"Webb",
"North America","US",,"Texas",,,"Midland",
"North America","US",,"Virginia",,,"Henrico",
"North America","US",,"Kentucky",,,"Daviess",
"North America","US",,"Tennessee",,,"Anderson",
"Europe","FR",,,"Bretagne","Cotes-d'Armor",,
"Europe","BE",,,,"Antwerpen","Antwerpen",
"North America","US",,"Louisiana",,,"Red River",
"Europe","DE",,"Nordrhein-Westfalen",,,"Gütersloh",
"North America","US",,"Louisiana",,,"Union",
"North America","US",,"Pennsylvania",,,"Delaware",
"North America","US",,"Georgia",,,"Richmond",
"Europe","DE",,"Hessen",,,"Offenbach am Main",
"North America","US",,"Connecticut",,,"New Haven",
"North America","US",,"Texas",,,"Kaufman",
"North America","US",,"Virginia",,,"Culpeper",
"Europe","FR",,,"Ile-de-France","Val-de-Marne",,
"North America","US",,"Virginia",,,"Manassas",
"North America","US",,"Arkansas",,,"Perry",
"Europe","IT",,,"Sicilia","Messina",,
"Europe","ES",,,"Aragon","Zaragoza",,
"North America","US",,"Minnesota",,,"Wabasha",
"North America","US",,"Missouri",,,"Taney",
"Europe","BE",,,,"Oost-Vlaanderen","Dendermonde",
"North America","US",,"Texas",,,"Burnet",
"North America","US",,"Michigan",,,"Eaton",
"North America","US",,"Idaho",,,"Ada",
"North America","US",,"Nevada",,,"Carson City",
"North America","US",,"Virginia",,,"Chesterfield",
"North America","US",,"Pennsylvania",,,"Fayette",
"Europe","BE",,,"Wallonia","Vlaams-Brabant","Halle-Vilvoorde",
"North America","US",,"California",,,"Kings",
"Europe","BE",,,"Flanders","West-Vlaanderen","Brugge",
"North America","US",,"Texas",,,"Swisher",
"North America","US",,"Wyoming",,,"Laramie",
"North America","US",,"Ohio",,,"Marion",
"North America","CA",,"Nova Scotia",,,,
"North America","US",,"Texas",,,"Grayson",
"Europe","ES",,,"Valencia","Valencia",,
"Europe","GB",,"England",,"Staffordshire",,
"North America","US",,"Texas",,,"Fort Bend",
"North America","US",,"New Hampshire",,,"Carroll",
"North America","US",,"Arkansas",,,"Benton",
"Europe","BE",,,"Wallonia","Hainaut","Ath",
"Europe","GB",,"England",,"Tyne and Wear",,
"North America","US",,"Indiana",,,"Pulaski",
"North America","US",,"Pennsylvania",,,"Lancaster",
"Europe","IT",,,"Piemonte","Vercelli",,
"North America","US",,"Georgia",,,"Thomas",
"North America","US",,"North Carolina",,,"Robeson",
"North America","US",,"Indiana",,,"Whitley",
"North America","US",,"New Hampshire",,,"Cheshire",
"North America","US",,"New Jersey",,,"Sussex",
"North America","US",,"Georgia",,,"Burke",
"Europe","NL",,,,,,
"North America","US",,"Virginia",,,"Newport News",
"North America","US",,"Indiana",,,"Rush",
"North America","US",,"Oklahoma",,,"Washington",
"North America","US",,"Indiana",,,"Kosciusko",
"North America","US",,"Indiana",,,"Monroe",
"Europe","DE",,"Niedersachsen",,,"Oldenburg",
"Europe","DE",,"Bayern",,,"Regensburg",
"Europe","GB",,"England",,"Norfolk",,
"North America","US",,"Kentucky",,,"Lincoln",
"North America","US",,"Tennessee",,,"Shelby",
"Europe","GB",,"Scotland",,"Lanarkshire",,
"Europe","FR",,,"Bourgogne","Saone-Et-Loire",,
"North America","US",,"New York",,,"Saratoga",
"North America","US",,"Minnesota",,,"Morrison",
"North America","US",,"Nevada",,,"Eureka",
"North America","US",,"Alabama",,,"Butler",
"Europe","BE",,,"Wallonia","Hainaut","Soignies",
"Europe","DE",,"Niedersachsen",,,"Salzgitter",
"North America","US",,"Tennessee",,,"Davidson",
"North America","US",,"Oklahoma",,,"Delaware",
"North America","US",,"Georgia",,,"Polk",
"North America","US",,"Illinois",,,"Tazewell",
"Europe","ES",,,"Andalucia","Malaga",,
"Europe","ES",,,"la Rioja","la Rioja",,
"North America","US",,"California",,,"Imperial",
"Europe","DE",,"Nordrhein-Westfalen",,,"Münster",
"North America","CA",,"Quebec",,,,
"Europe","ES",,,,,,
"North America","US",,"PR",,,"Moca",
"North America","US",,"Tennessee",,,"Benton",
"North America","US",,"Indiana",,,"Newton",
"North America","US",,"Virginia",,,"Floyd",
"North America","US",,"Texas",,,"Upshur",
"North America","US",,"Massachusetts",,,"Berkshire",
"North America","US",,"Mississippi",,,"Sunflower",
"North America","US",,"Texas",,,"Polk",
"North America","US",,"Louisiana",,,"Tangipahoa",
"North America","US",,"Indiana",,,"Vanderburgh",
"North America","US",,"Washington",,,"Clark",
"North America","US",,"Alaska",,,"Anchorage",
"North America","US",,"North Carolina",,,"Rowan",
"North America","US",,"Illinois",,,"Sangamon",
"North America","US",,"California",,,"San Diego",
"North America","US",,"Georgia",,,"Hall",
"North America","US",,"Georgia",,,"Hart",
"Europe","DE",,"Rheinland-Pfalz",,,"Kaiserslautern",
"Europe","GB",,"England",,"Cambridgeshire",,
"Europe","BE",,,"Wallonia",,,
"North America","US",,"PR",,,"Rio Grande",
"North America","US",,"Michigan",,,"Livingston",
"North America","US",,"Alabama",,,"Walker",
"North America","US",,"Alabama",,,"Pike",
"North America","US",,"New York",,,"Greene",
"Europe","IT",,,"Lombardia","Pavia",,
"North America","US",,"Iowa",,,"Marshall",
"Europe","DE",,"Niedersachsen",,,"Wolfsburg",
"North America","US",,"Kentucky",,,"Boyd",
"Europe","DE",,"Nordrhein-Westfalen",,,"Dortmund",
"North America","US",,"Kansas",,,"Ford",
"North America","US",,"Ohio",,,"Pike",
"North America","US",,"West Virginia",,,"Harrison",
"Europe","IT",,,"Friuli Venezia Giulia","Udine",,
"Europe","DE",,"Baden-Württemberg",,,"Lörrach",
"North America","US",,"Georgia",,,"Cook",
"North America","US",,"Virginia",,,"Portsmouth (City)",
"North America","US",,"PR",,,"Jayuya",
"North America","US",,"Nebraska",,,"Buffalo",
"North America","US",,"Iowa",,,"Howard",
"North America","US",,"California",,,"Marin",
"North America","US",,"Pennsylvania",,,"Adams",
"North America","US",,"New York",,,"Oswego",
"North America","US",,"Oklahoma",,,"Cherokee",
"North America","US",,"Texas",,,"Gregg",
"North America","US",,"Indiana",,,"Warrick",
"North America","US",,"Ohio",,,"Medina",
"North America","US",,"Texas",,,"Hopkins",
"Europe","IT",,,"Valle d'Aosta","Aosta",,
"North America","US",,"Arkansas",,,"Saline",
"North America","US",,"Alabama",,,"Etowah",
"Europe","FR",,,"Picardie","Somme",,
"North America","US",,"Maryland",,,"Dorchester",
"North America","US",,"Kentucky",,,"Muhlenberg",
"North America","US",,"Illinois",,,"Washington",
"Europe","BE",,,"Wallonia","Brabant Wallon","Nivelles",
"North America","US",,"Indiana",,,"Sullivan",
"North America","US",,"Delaware",,,"Sussex",
"North America","US",,"New Jersey",,,"Hudson",
"North America","US",,"Ohio",,,"Tuscarawas",
"Europe","IT",,,"Puglia","Lecce",,
"North America","US",,"Georgia",,,"Crawford",
"Europe","FR",,,"Ile-de-France","Yvelines",,
"North America","US",,"South Carolina",,,"Aiken",
"North America","US",,"Florida",,,"Sarasota",
"Europe","DE",,"Baden-Württemberg",,,"Heilbronn",
"North America","US",,"Texas",,,"Mason",
"Europe","BE",,,,"Vlaams-Brabant","Halle-Vilvoorde",
"North America","US",,"Texas",,,"Kimble",
"North America","US",,"Michigan",,,"St. Clair",
"Europe","FR",,,"Centre","Indre-Et-Loire",,
"North America","US",,"Texas",,,"Harrison",
"North America","US",,"Tennessee",,,"Wayne",
"Europe","DK",,,"Sjælland","Frederiksborg amt",,
"North America","US",,"North Dakota",,,"Richland",
"North America","US",,"Nevada",,,"Douglas",
"North America","US",,"Georgia",,,"Toombs",
"North America","US",,"Massachusetts",,,"Worcester",
"Europe","DE",,"Mecklenburg-Vorpommern",,,"Stralsund",
"North America","US",,"Texas",,,"Bowie",
"North America","US",,"Ohio",,,"Stark",
"Europe","IT",,,"Toscana","Massa Carrara",,
"North America","US",,"Arkansas",,,"Clay",
"North America","US",,"Louisiana",,,"St. Mary",
"North America","US",,"Virginia",,,"Richmond (City)",
"North America","US",,"Texas",,,"Llano",
"North America","US",,"Oklahoma",,,"Blaine",
"North America","US",,"Texas",,,"Galveston",
"Europe","BE",,,"Flanders","Antwerpen","Turnhout",
"North America","US",,"New Hampshire",,,"Sullivan",
"North America","US",,"Oregon",,,"Marion",
"North America","US",,"Iowa",,,"Pottawattamie",
"North America","US",,"Virginia",,,"Hampton (City)",
"North America","US",,"South Carolina",,,"Charleston",
"North America","US",,"Illinois",,,"Jo Daviess",
"North America","US",,"Indiana",,,"Shelby",
"North America","US",,"Minnesota",,,"St. Louis",
"Europe","IT",,,"Lombardia","Milano",,
"North America","US",,"Texas",,,"Hall",
"Europe","IT",,,"Sardegna","Oristano",,
"North America","US",,"West Virginia",,,"Kanawha",
"Europe","DE",,"Hessen",,,"Gießen",
"North America","US",,"Florida",,,"Gilchrist",
"Europe","DE",,"Baden-Württemberg",,,"Tübingen",
"North America","US",,"Montana",,,"Missoula",
"North America","US",,"South Carolina",,,"Spartanburg",
"North America","US",,"Vermont",,,"Orleans",
"North America","US",,"Illinois",,,"Macon",
"Europe","DE",,"Niedersachsen",,,"Northeim",
"North America","US",,"West Virginia",,,"Upshur",
"North America","US",,"Florida",,,"Citrus",
"North America","US",,"Alabama",,,"Houston",
"North America","US",,"Tennessee",,,"Mcnairy",
"North America","US",,"Florida",,,"Orange",
"North America","US",,"Kentucky",,,"Magoffin",
"North America","CA",,"Newfoundland",,,,
"Europe","DE",,"Bayern",,,"München",
"North America","US",,"Maine",,,"Sagadahoc",
"North America","US",,"Florida",,,"Monroe",
"Europe","FR",,,"Centre","Cher",,
"Europe","DE",,"Baden-Württemberg",,,"Baden-Baden",
"North America","US",,"Georgia",,,"Ware",
"North America","US",,"Massachusetts",,,"Franklin",
"North America","US",,"Texas",,,"Randall",
"North America","US",,"Missouri",,,"Clark",
"North America","US",,"Louisiana",,,"West Baton Rouge",
"North America","US",,"Maryland",,,"Cecil",
"North America","US",,"New York",,,"Suffolk",
"North America","US",,"Florida",,,"Seminole",
"North America","US",,"Arkansas",,,"Sebastian",
"North America","US",,"Colorado",,,"Rio Blanco",
"Europe","IT",,,"Sicilia","Siracusa",,
"Europe","DK",,,"Jylland","Vejle amt",,
"North America","US",,"Indiana",,,"Huntington",
"Europe","DE",,"Brandenburg",,,"Potsdam",
"North America","US",,"Illinois",,,"Rock Island",
"North America","US",,"Colorado",,,"Larimer",
"North America","US",,"Louisiana",,,"Webster",
"North America","US",,"Tennessee",,,"Warren",
"Europe","IT",,,"Sicilia","Ragusa",,
"North America","US",,"Maine",,,"Washington",
"North America","US",,"PR",,,"Guayama",
"North America","US",,"Arkansas",,,"Jefferson",
"North America","US",,"Florida",,,"Bradford",
"North America","US",,"Texas",,,"Karnes",
"North America","US",,"Texas",,,"Bexar",
"Europe","BE",,,"Flanders","West-Vlaanderen","Tielt",
"North America","US",,"New York",,,"Clinton",
"North America","US",,"Michigan",,,"Ontonagon",
"Europe","ES",,,"Andalucia","Cordoba",,
"North America","US",,"South Carolina",,,"Lexington",
"North America","US",,"Florida",,,"Okaloosa",
"North America","US",,"New York",,,"Cattaraugus",
"North America","US",,"PR",,,"Sabana Grande",
"North America","US",,"South Carolina",,,"Georgetown",
"North America","US",,"Indiana",,,"Hancock",
"Europe","FI",,,,,,
"North America","US",,"Texas",,,"Bosque",
"North America","US",,"Michigan",,,"Barry",
"North America","US",,"Virginia",,,"Franklin",
"Europe","FR",,,"97.0","97.0",,
"North America","US",,"Tennessee",,,"Knox",
"Europe","DE",,"Baden-Württemberg",,,"Göppingen",
"North America","US",,"North Carolina",,,"Mecklenburg",
"North America","US",,"Pennsylvania",,,"Montour",
"North America","US",,"Colorado",,,"Arapahoe",
"North America","US",,"North Carolina",,,"Burke",
"Europe","IT",,,"Lombardia","Brescia",,
"Europe","FR",,,"Picardie","Aisne",,
"North America","US",,"Indiana",,,"Jennings",
"North America","US",,"New York",,,"Montgomery",
"North America","US",,"Kansas",,,"Shawnee",
"North America","US",,"Tennessee",,,"Cheatham",
"North America","US",,"Pennsylvania",,,"Perry",
"North America","US",,"Virginia",,,"Loudoun",
"North America","US",,"Washington",,,"Grant",
"North America","US",,"Oklahoma",,,"Tulsa",
"Europe","GB",,"England",,"Merseyside",,
"North America","US",,"Alabama",,,"Dekalb",
"Europe","IT",,,"Puglia","Brindisi",,
"North America","US",,"Kentucky",,,"Floyd",
"North America","US",,"Oklahoma",,,"Creek",
"North America","US",,"South Carolina",,,"Richland",
"North America","US",,"Pennsylvania",,,"Franklin",
"North America","US",,"Texas",,,"Austin",
"North America","US",,"Louisiana",,,"Vermilion",
"Europe","DE",,"Bayern",,,"Fürstenfeldbruck",
"North America","US",,"Tennessee",,,"Lincoln",
"North America","US",,"Louisiana",,,"Ascension",
"North America","US",,"Colorado",,,"Fremont",
"Europe","DE",,"Brandenburg",,,"Frankfurt/Oder",
"North America","US",,"Alabama",,,"Madison",
"Europe","IT",,,"Umbria","Perugia",,
"Europe","GB",,"Wales",,"West Glamorgan",,
"North America","US",,"Wyoming",,,"Sublette",
"North America","US",,"Idaho",,,"Cassia",
"North America","US",,"Pennsylvania",,,"Montgomery",
"North America","US",,"Kentucky",,,"Caldwell",
"North America","US",,"Missouri",,,"Cass",
"Europe","IT",,,"Lombardia","Como",,
"North America","US",,"Texas",,,"Eastland",
"North America","US",,"Kansas",,,"Sedgwick",
"North America","US",,"Wyoming",,,"Campbell",
"Europe","ES",,,"Castilla Y Leon","Valladolid",,
"Europe","DE",,"Mecklenburg-Vorpommern",,,"Schwerin",
"North America","US",,"Idaho",,,"Twin Falls",
"North America","US",,"South Dakota",,,"Union",
"North America","US",,"Minnesota",,,"Sherburne",
"North America","US",,"South Carolina",,,"Anderson",
"North America","US",,"North Carolina",,,"Brunswick",
"North America","US",,"Montana",,,"Gallatin",
"North America","US",,"Arizona",,,"Mohave",
"North America","US",,"Michigan",,,"Midland",
"North America","US",,"Michigan",,,"Hillsdale",
"North America","US",,"Wisconsin",,,"Shawano",
"Europe","DE",,"Bayern",,,"Augsburg",
"North America","US",,"Illinois",,,"Marion",
"Europe","ES",,,"Murcia","Murcia",,
"North America","US",,"Ohio",,,"Champaign",
"North America","US",,"Virginia",,,"Westmoreland",
"Europe","DE",,"Nordrhein-Westfalen",,,"Düren",
"Australia/Pacific","AU",,,"South Australia",,,
"North America","US",,"North Carolina",,,"Iredell",
"North America","US",,"Pennsylvania",,,"Butler",
"North America","US",,"Minnesota",,,"Chisago",
"North America","US",,"PR",,,"Humacao",
"Europe","DE",,"Nordrhein-Westfalen",,,"Duisburg",
"North America","US",,"PR",,,"San Lorenzo",
"Europe","IT",,,"Trentino Alto Adige","Bolzano",,
"North America","US",,"Iowa",,,"Buchanan",
"North America","US",,"Idaho",,,"Boise",
"Europe","BE",,,"Flanders","West-Vlaanderen","Oostende",
"North America","US",,"Texas",,,"Lubbock",
"North America","US",,"Arizona",,,"Apache",
"North America","US",,"Missouri",,,"Dekalb",
"North America","US",,"Kentucky",,,"Whitley",
"North America","US",,"Texas",,,"Bee",
"Europe","ES",,,"Valencia","Alicante",,
"Europe","LU",,,,,,
"North America","US",,"Illinois",,,"Boone",
"North America","US",,"New York",,,"Richmond",
"North America","US",,"Kentucky",,,"Madison",
"North America","US",,"Utah",,,"Summit",
"North America","US",,"Virginia",,,"Bedford",
"Europe","GB",,"England",,"Cheshire",,
"North America","US",,"Texas",,,"Brown",
"Europe","DE",,"Hessen",,,"Frankfurt am Main",
"North America","US",,"Ohio",,,"Washington",
"North America","US",,"Wisconsin",,,"Lafayette",
"North America","US",,"Washington",,,"Stevens",
"North America","US",,"Alaska",,,"Kodiak Island",
"North America","US",,"Massachusetts",,,"Essex",
"North America","US",,"Indiana",,,"Jasper",
"North America","US",,"Colorado",,,"Logan",
"North America","US",,"Michigan",,,"Grand Traverse",
"North America","US",,"Indiana",,,"Steuben",
"North America","US",,"Oregon",,,"Washington",
"North America","US",,"New Mexico",,,"Bernalillo",
"North America","US",,"Ohio",,,"Perry",
"North America","US",,"Michigan",,,"Shiawassee",
"North America","US",,"New Mexico",,,"Curry",
"North America","US",,"Texas",,,"Nacogdoches",
"Europe","DK",,,"Sjælland","Storstrøms amt",,
"North America","US",,"Texas",,,"Walker",
"North America","US",,"Virginia",,,"Prince William",
"North America","US",,"Illinois",,,"St. Clair",
"North America","US",,"Texas",,,"Jefferson",
"Europe","IT",,,"Veneto","Rovigo",,
"Europe","BE",,,"Wallonia","Luxembourg","Virton",
"North America","US",,"Florida",,,"St. Johns",
"North America","US",,"Delaware",,,"Kent",
"North America","US",,"PR",,,"Barceloneta",
"North America","US",,"Texas",,,"Fannin",
"North America","US",,"New York",,,"Broome",
"North America","US",,"Kentucky",,,"Graves",
"North America","US",,"Nevada",,,"Clark",
"North America","US",,"Oklahoma",,,"Mayes",
"North America","US",,"Illinois",,,"Will",
"North America","US",,"Washington",,,"Franklin",
"North America","US",,"Virginia",,,"Smyth",
"Europe","DE",,"Nordrhein-Westfalen",,,"Leverkusen",
"Europe","DE",,"Sachsen-Anhalt",,,"Oschersleben",
"North America","US",,"Wisconsin",,,"Douglas",
"North America","US",,"Rhode Island",,,"Kent",
"North America","US",,"Georgia",,,"Columbia",
"North America","US",,"Wisconsin",,,"Price",
"North America","US",,"Virginia",,,"Scott",
"Europe","GB",,"England",,"Cumbria",,
"North America","US",,"Colorado",,,"Moffat",
"North America","US",,"Florida",,,"Pinellas",
"Europe","FR",,,"Pays-de-la-Loire","Mayenne",,
"North America","US",,"Wisconsin",,,"Waushara",
"North America","US",,"Utah",,,"Utah",
"North America","US",,"California",,,"Madera",
"North America","US",,"Illinois",,,"Winnebago",
"North America","US",,"Arkansas",,,"Van Buren",
"North America","US",,"Missouri",,,"St. Charles",
"North America","US",,"Georgia",,,"Effingham",
"North America","US",,"Tennessee",,,"Franklin",
"North America","US",,"Texas",,,"Wichita",
"North America","US",,"Alabama",,,"St. Clair",
"Europe","IT",,,"Molise","Campobasso",,
"North America","US",,"California",,,"San Luis Obispo",
"North America","US",,"Mississippi",,,"Tate",
"North America","US",,"Oklahoma",,,"Osage",
"North America","US",,"Illinois",,,"Jersey",
"North America","US",,"Washington",,,"Clallam",
"North America","US",,"Tennessee",,,"Maury",
"North America","US",,"New Jersey",,,"Morris",
"Europe","BE",,,"Flanders","Oost-Vlaanderen","Aalst",
"North America","CA",,"Saskatchewan",,,,
"North America","US",,"Oklahoma",,,"Atoka",
"North America","US",,"Oregon",,,"Deschutes",
"Europe","FR",,,"Midi-Pyrenees","Lot",,
"North America","US",,"California",,,"Yuba",
"North America","US",,"Texas",,,"Ochiltree",
"North America","US",,"Illinois",,,"Richland",
"Europe","BE",,,"Flanders","Vlaams-Brabant","Halle-Vilvoorde",
"North America","US",,"Minnesota",,,"Benton",
"Europe","FR",,,"Provence-Alpes-Cote","Bouches-du-Rhone",,
"North America","US",,"Mississippi",,,"Madison",
"North America","US",,"Massachusetts",,,"Barnstable",
"North America","US",,"North Carolina",,,"York",
"North America","US",,"Indiana",,,"Allen",
"North America","US",,"New Jersey",,,"Salem",
"North America","US",,"Illinois",,,"Whiteside",
"Europe","DE",,"Thüringen",,,"Weimar",
"Europe","FR",,,"Nord-Pas-de-Calais","Nord",,
"North America","US",,"New Hampshire",,,"Strafford",
"Europe","DE",,"Baden-Württemberg",,,"Ulm",
"North America","US",,"New Jersey",,,"Ocean",
"Europe","IT",,,"Campania","Salerno",,
"North America","US",,"Wisconsin",,,"Dodge",
"North America","US",,"Kentucky",,,"Kenton",
"North America","US",,"New York",,,"Tompkins",
"North America","US",,"Mississippi",,,"Alcorn",
"North America","US",,"Kansas",,,"Cowley",
"North America","US",,"Minnesota",,,"Stearns",
"North America","US",,"Texas",,,"San Patricio",
"North America","US",,"New York",,,"Genesee",
"Europe","IT",,,"Lazio","Rieti",,
"North America","US",,"Mississippi",,,"Lee",
"North America","US",,"Washington",,,"Snohomish",
"North America","US",,"Wyoming",,,"Natrona",
"Europe","DE",,"Bayern",,,"Starnberg",
"Europe","ES",,,"Cantabria","Cantabria",,
"North America","US",,"Oregon",,,"Multnomah",
"Europe","DE",,"Sachsen",,,"Döbeln",
"Europe","DE",,"Niedersachsen",,,"Vechta",
"Europe","FR",,,"Champagne-Ardenne","Ardennes",,
"North America","US",,"Washington",,,"Benton",
"North America","US",,"Florida",,,"Washington",
"Europe","DE",,"Sachsen",,,"Chemnitz",
"North America","US",,"Tennessee",,,"Henry",
"North America","US",,"Washington",,,"Kitsap",
"North America","US",,"Michigan",,,"Berrien",
"North America","US",,"Ohio",,,"Preble",
"North America","US",,"Kansas",,,"Sherman",
"North America","US",,"Texas",,,"Van Zandt",
"Europe","ES",,,"Cataluña","Lleida",,
"North America","US",,"Georgia",,,"Lowndes",
"North America","US",,"California",,,"Riverside",
"Europe","DE",,"Bayern",,,"Erlangen",
"North America","US",,"Maryland",,,"Queen Anne'S",
"North America","US",,"Texas",,,"Starr",
"North America","US",,"West Virginia",,,"Wood",
"Europe","FR",,,"Centre","Loiret",,
"North America","US",,"Texas",,,"Dawson",
"North America","US",,"Wisconsin",,,"Portage",
"North America","US",,"Ohio",,,"Mercer",
"North America","US",,"Pennsylvania",,,"Chester",
"North America","US",,"Virginia",,,"Charlotte",
"Europe","GB",,"England",,"Berkshire",,
"Europe","FR",,,"Rhone-Alpes","Rhone",,
"Europe","FR",,,"Picardie","Oise",,
"North America","US",,"Alabama",,,"Perry",
"North America","US",,"Iowa",,,"Iowa",
"North America","US",,"Missouri",,,"Clay",
"North America","US",,"Michigan",,,"Kalamazoo",
"North America","US",,"Texas",,,"Jackson",
"North America","US",,"California",,,"El Dorado",
"North America","US",,"Georgia",,,"Monroe",
"North America","US",,"Ohio",,,"Wayne",
"North America","US",,"Wisconsin",,,"Jackson",
"North America","US",,"Colorado",,,"Elbert",
"North America","US",,"Alaska",,,"Juneau",
"North America","US",,"Virginia",,,"Arlington",
"Africa","BJ",,,,,,
"Europe","GB",,"England",,"Middlesex",,
"North America","US",,"Kentucky",,,"Rowan",
"North America","US",,"Mississippi",,,"Union",
"Europe","DE",,"Nordrhein-Westfalen",,,"Wuppertal",
"North America","US",,"Iowa",,,"Henry",
"North America","US",,"Kentucky",,,"Scott",
"Europe","DE",,"Rheinland-Pfalz",,,"Mainz",
"North America","US",,"Georgia",,,"Dekalb",
"North America","US",,"Tennessee",,,"Campbell",
"North America","US",,"Tennessee",,,"Blount",
"Europe","DE",,"Nordrhein-Westfalen",,,"Gelsenkirchen",
"North America","US",,"New York",,,"Rockland",
"Europe","BE",,,,,,
"North America","US",,"Pennsylvania",,,"Warren",
"North America","US",,"Indiana",,,"Vermillion",
"North America","US",,"Ohio",,,"Pickaway",
"North America","US",,"Connecticut",,,"Tolland",
"Europe","BE",,,,"Limburg","Hasselt",
"North America","US",,"PR",,,"Isabela",
"North America","US",,"Texas",,,"Gray",
"North America","US",,"Texas",,,"Orange",
"Europe","BE",,,"Wallonia","Liège","Waremme",
"North America","US",,"Florida",,,"Indian River",
"Europe","BE",,,"Wallonia","Liège","Verviers",
"North America","US",,"Minnesota",,,"Wright",
"North America","US",,"Georgia",,,"Colquitt",
"Europe","DE",,"Baden-Württemberg",,,"Reutlingen",
"North America","US",,"Georgia",,,"Clayton",
"North America","US",,"Alabama",,,"Jackson",
"North America","US",,"Alabama",,,"Calhoun",
"North America","US",,"South Carolina",,,"Horry",
"Europe","ES",,,"Galicia","la Coruña",,
"North America","US",,"Pennsylvania",,,"Lycoming",
"North America","US",,"Missouri",,,"Greene",
"Europe","BE",,,"Wallonia","Liège","Liège",
"North America","US",,"Maryland",,,"Washington",
"North America","US",,"Texas",,,"Fayette",
"Europe","FR",,,"Rhone-Alpes","Ardeche",,
"North America","US",,"Colorado",,,"Teller",
"Europe","FR",,,"Bourgogne","Cote-d'Or",,
"North America","US",,"Texas",,,"Coryell",
"North America","US",,"PR",,,"Mayaguez",
"North America","US",,"PR",,,"Toa Baja",
"North America","US",,"North Carolina",,,"Guilford",
"Europe","IT",,,"Sardegna","Sassari",,
"North America","US",,"Washington",,,"Pend Oreille",
"North America","US",,"Nevada",,,"Washoe",
"North America","US",,"Missouri",,,"Jefferson",
"North America","US",,"Virginia",,,"Wise",
"North America","US",,"Georgia",,,"Early",
"North America","US",,"California",,,"Santa Cruz",
"Europe","BE",,,"Flanders","Oost-Vlaanderen","Sint-Niklaas",
"North America","US",,"PR",,,"Yabucoa",
"North America","US",,"Virginia",,,"Shenandoah",
"North America","US",,"Colorado",,,"Yuma",
"North America","US",,"Virginia",,,"Virginia Beach (City)",
"North America","US",,"Michigan",,,"Newaygo",
"North America","US",,"Virginia",,,"York",
"North America","US",,"Ohio",,,"Guernsey",
"North America","US",,"Arkansas",,,"Little River",
"Europe","IT",,,"Emilia Romagna","Parma",,
"North America","US",,"Kentucky",,,"Oldham",
"Europe","FR",,,"Languedoc-Roussillon","Gard",,
"North America","US",,"Iowa",,,"Carroll",
"Europe","BE",,,"Flanders","West-Vlaanderen","Kortrijk",
"North America","US",,"Georgia",,,"Walton",
"North America","US",,"Washington",,,"Lincoln",
"Europe","BE",,,"Bruxelles",,,
"North America","US",,"Kentucky",,,"Boone",
"North America","US",,"Tennessee",,,"Roane",
"North America","US",,"Texas",,,"Waller",
"North America","US",,"Michigan",,,"Cass",
"North America","US",,"Oklahoma",,,"Adair",
"North America","US",,"Arizona",,,"Pinal",
"North America","US",,"West Virginia",,,"Jefferson",
"North America","US",,"Virginia",,,"Amherst",
"North America","US",,"Kansas",,,"Wichita",
"North America","US",,"Virginia",,,"Frederick",
"Europe","GB",,"England",,"Worcestershire",,
"North America","US",,"Pennsylvania",,,"Bedford",
"Europe","IT",,,"Lazio","Latina",,
"North America","US",,"Ohio",,,"Scioto",
"North America","US",,"Ohio",,,"Ashland",
"North America","US",,"North Carolina",,,"Johnston",
"North America","US",,"Washington",,,"Spokane",
"North America","US",,"Indiana",,,"Gibson",
"North America","US",,"Georgia",,,"Lee",
"North America","US",,"Indiana",,,"Porter",
"Europe","DE",,"Niedersachsen",,,"Lüneburg",
"North America","US",,"Illinois",,,"Adams",
"North America","US",,"North Dakota",,,"Pierce",
"Europe","DE",,"Schleswig-Holstein",,,"Lübeck",
"North America","US",,"Wisconsin",,,"Washington",
"North America","US",,"Massachusetts",,,"Hampshire",
"Europe","DE",,"Niedersachsen",,,"Braunschweig",
"North America","US",,"Virginia",,,"Washington",
"North America","US",,"Wisconsin",,,"Marathon",
"North America","US",,"Texas",,,"Nueces",
"North America","US",,"Florida",,,"Martin",
"North America","US",,"Illinois",,,"Kane",
"Europe","IT",,,"Veneto","Vicenza",,
"Europe","BE",,,"Flanders","Antwerpen","Antwerpen",
"North America","US",,"California",,,"San Bernardino",
"Europe","BE",,,"Flanders","Limburg","Hasselt",
"North America","US",,"Oregon",,,"Jackson",
"North America","US",,"Oklahoma",,,"Mcintosh",
"North America","US",,"Indiana",,,"Hamilton",
"North America","CA",,,,,,
"North America","US",,"Virginia",,,"Mecklenburg",
"North America","US",,"Virginia",,,"Hanover",
"North America","US",,"California",,,"Mono",
"North America","US",,"Arkansas",,,"Arkansas",
"North America","US",,"PR",,,"Fajardo",
"North America","US",,"New Mexico",,,"Sandoval",
"North America","US",,"Wisconsin",,,"Clark",
"North America","US",,"Iowa",,,"Cherokee",
"North America","US",,"Kansas",,,"Sumner",
"Europe","IT",,,"Lombardia","Bergamo",,
"North America","US",,"New Jersey",,,"Union",
"North America","US",,"New Mexico",,,"Valencia",
"North America","US",,"Iowa",,,"Polk",
"Europe","ES",,,"Galicia","Pontevedra",,
"North America","US",,"Tennessee",,,"Marion",
"Europe","DE",,"Bayern",,,"Schweinfurt",
"Europe","FR",,,"Haute-Normandie","Eure",,
"North America","US",,"Virginia",,,"Clarke",
"North America","US",,"Michigan",,,"Lapeer",
"North America","US",,"PR",,,"Hatillo",
"Europe","DE",,"Thüringen",,,"Erfurt",
"North America","US",,"Colorado",,,"Delta",
"North America","US",,"New York",,,"Livingston",
"North America","US",,"Mississippi",,,"Scott",
"North America","US",,"Florida",,,"Putnam",
"Europe","GB",,"England",,"Essex",,
"North America","US",,"Minnesota",,,"Yellow Medicine",
"North America","US",,"PR",,,"San Juan",
"North America","US",,"Missouri",,,"Bates",
"North America","US",,"Idaho",,,"Bonner",
"North America","US",,"Wisconsin",,,"Washburn",
"Europe","GB",,"England",,"Leicestershire",,
"Europe","DE",,"Bayern",,,"Kulmbach",
"North America","US",,"Alabama",,,"Covington",
"North America","US",,"Rhode Island",,,"Providence",
"North America","US",,"Nebraska",,,"Lincoln",
"North America","US",,"Indiana",,,"Marshall",
"North America","US",,"Wisconsin",,,"Grant",
"Europe","DE",,"Nordrhein-Westfalen",,,"Hagen",
"North America","US",,"South Carolina",,,"Beaufort",
"North America","US",,"Virginia",,,"Campbell",
"Australia/Pacific","AU",,,"Northern Territory",,,
"North America","US",,"Alabama",,,"Mobile",
"Europe","GB",,"Scotland",,"Stirlingshire",,
"North America","US",,"Ohio",,,"Licking",
"North America","US",,"Oklahoma",,,"Okmulgee",
"Europe","GB",,"England",,"Buckinghamshire",,
"North America","US",,"Texas",,,"Mclennan",
"North America","US",,"Florida",,,"Osceola",
"North America","US",,"Georgia",,,"Hancock",
"North America","US",,"Texas",,,"Hidalgo",
"Europe","BE",,,"Flanders","Limburg","Maaseik",
"North America","US",,"Oklahoma",,,"Pottawatomie",
"Europe","IT",,,"Abruzzi","Chieti",,
"Europe","GB",,"Northern Ireland",,"County Antrim",,
"North America","US",,"New York",,,"Putnam",
"North America","US",,"Utah",,,"Carbon",
"North America","US",,"Wisconsin",,,"Sawyer",
"North America","US",,"Massachusetts",,,"Hampden",
"North America","US",,"Florida",,,"Suwannee",
"Australia/Pacific","AU",,,"Western Australia",,,
"North America","US",,"Montana",,,"Park",
"North America","US",,"Colorado",,,"Pitkin",
"North America","US",,"Hawaii",,,"Hawaii",
"North America","US",,"Connecticut",,,"Litchfield",
"North America","US",,"Oregon",,,"Malheur",
"Europe","DE",,"Bayern",,,"Kelheim",
"North America","US",,"Colorado",,,"Pueblo",
"North America","US",,"Washington",,,"Walla Walla",
"North America","US",,"New Jersey",,,"Bergen",
"North America","US",,"Indiana",,,"Morgan",
"North America","US",,"Pennsylvania",,,"Clinton",
"Europe","FR",,,"Ile-de-France","Essonne",,
"Europe","GB",,"England",,"Northamptonshire",,
"Europe","BE",,,"DE","Liège","Verviers",
"North America","US",,"Ohio",,,"Brown",
"Europe","FR",,,"Languedoc-Roussillon","Herault",,
"North America","US",,"Maryland",,,"Caroline",
"North America","US",,"Illinois",,,"Effingham",
"North America","US",,"Tennessee",,,"Hamilton",
"North America","US",,"Wisconsin",,,"la Crosse",
"Europe","DE",,"Niedersachsen",,,"Celle",
"Europe","FR",,,"Ile-de-France","Val-d'Oise",,
"North America","US",,"PR",,,"Loiza",
"Europe","DE",,"Sachsen",,,"Leipzig",
"North America","US",,"Pennsylvania",,,"Carbon",
"North America","US",,"Washington",,,"Yakima",
"North America","US",,"Texas",,,"Frio",
"North America","US",,"Virginia",,,"Alexandria (City)",
"North America","US",,"Texas",,,"Cooke",
"North America","US",,"Maryland",,,"Garrett",
"Europe","DE",,"Rheinland-Pfalz",,,"Ludwigshafen",
"North America","US",,"Michigan",,,"Leelanau",
"North America","US",,"Michigan",,,"Osceola",
"North America","US",,"Virginia",,,"Dinwiddie",
"Europe","FR",,,"Lorraine","Meurthe-Et-Moselle",,
"North America","US",,"Ohio",,,"Butler",
"Europe","ES",,,"Cataluña","Girona",,
"North America","US",,"Missouri",,,"Henry",
"North America","US",,"Ohio",,,"Athens",
"North America","US",,"Tennessee",,,"Giles",
"North America","US",,"Florida",,,"Desoto",
"Europe","BE",,,"Wallonia","Namur","Philippeville",
"North America","US",,"Florida",,,"Jefferson",
"North America","US",,"Georgia",,,"Lincoln",
"Europe","DE",,"Bayern",,,"Aschaffenburg",
"North America","US",,"Illinois",,,"Menard",
"Europe","DE",,"Nordrhein-Westfalen",,,"Aachen",
"North America","US",,"Maryland",,,"Montgomery",
"North America","US",,"Texas",,,"Gillespie",
"Europe","BE",,,"Flanders","Oost-Vlaanderen","Dendermonde",
"Asia","IL",,,,,,
"North America","US",,"Minnesota",,,"Douglas",
"North America","US",,"Kentucky",,,"Hardin",
"North America","US",,"California",,,"Santa Barbara",
"North America","US",,"Illinois",,,"Ogle",
"North America","US",,"Mississippi",,,"Lowndes",
"Europe","GB",,"Scotland",,"West Lothian",,
"North America","US",,"Iowa",,,"Keokuk",
"North America","US",,"California",,,"Mendocino",
"North America","US",,"California",,,"Stanislaus",
"North America","US",,"New Jersey",,,"Atlantic",
"North America","US",,"Georgia",,,"Wilkinson",
"North America","US",,"Florida",,,"Levy",
"North America","US",,"Pennsylvania",,,"Schuylkill",
"North America","US",,"California",,,"Sacramento",
"North America","US",,"Georgia",,,"Gwinnett",
"North America","US",,"Pennsylvania",,,"Dauphin",
"North America","US",,"Texas",,,"Tyler",
"Europe","DE",,"Hessen",,,"Kassel",
"North America","US",,"Texas",,,"Ellis",
"Europe","FR",,,"N/A","N/A",,
"North America","US",,"Maryland",,,"Harford",
"North America","US",,"North Carolina",,,"Chatham",
"Europe","IT",,,"Puglia","Bari",,
"North America","US",,"Maryland",,,"Carroll",
"North America","US",,"Kentucky",,,"Powell",
"North America","US",,"Louisiana",,,"Iberville",
"Europe","FR",,,"Midi-Pyrenees","Aveyron",,
"Europe","BE",,,"Wallonia","Hainaut","Mouscron",
"North America","US",,"Pennsylvania",,,"Columbia",
"North America","US",,"Missouri",,,"Montgomery",
"North America","US",,"PR",,,"Hormigueros",
"North America","US",,"Ohio",,,"Clark",
"North America","US",,"Texas",,,"Wharton",
"North America","US",,"Arkansas",,,"Crawford",
"Europe","HR",,,,,,
"North America","US",,"Wisconsin",,,"Brown",
"North America","US",,"Louisiana",,,"Caddo",
"North America","US",,"Kansas",,,"Mcpherson",
"Europe","DK",,,"Sjælland","Vestsjællands amt",,
"Europe","FR",,,"Aquitaine","Gironde",,
"North America","US",,"Indiana",,,"Scott",
"Europe","ES",,,"Canarias","Tenerife",,
"North America","US",,"Texas",,,"Liberty",
"North America","US",,"Pennsylvania",,,"Armstrong",
"North America","US",,"Iowa",,,"Johnson",
"North America","US",,"Massachusetts",,,"Dukes",
"North America","US",,"PR",,,"Cabo Rojo",
"North America","US",,"Illinois",,,"Livingston",
"North America","US",,"Virginia",,,"Newport News (City)",
"Europe","FR",,,"Basse-Normandie","Manche",,
"North America","US",,"North Carolina",,,"Alexander",
"North America","US",,"New York",,,"Sullivan",
"North America","US",,"PR",,,"Carolina",
"North America","US",,"Texas",,,"Morris",
"North America","US",,"New Jersey",,,"Monmouth",
"North America","US",,"California",,,"Tulare",
"North America","US",,"Texas",,,"Anderson",
"North America","US",,"California",,,"Placer",
"North America","US",,"Indiana",,,"Lawrence",
"North America","US",,"Georgia",,,"Webster",
"North America","US",,"Mississippi",,,"Pike",
"Europe","BE",,,,"Namur","Namur",
"North America","US",,"PR",,,"Utuado",
"North America","US",,"Virginia",,,"Gloucester",
"North America","US",,"Missouri",,,"Mcdonald",
"North America","US",,"New Hampshire",,,"Grafton",
"North America","US",,"Maine",,,"Lincoln",
"North America","US",,"Florida",,,"Sumter",
"North America","US",,"Wisconsin",,,"St. Croix",
"North America","US",,"Indiana",,,"St. Joseph",
"North America","US",,"Illinois",,,"Dupage",
"North America","US",,"Alabama",,,"Autauga",
"North America","US",,"Kansas",,,"Montgomery",
"Europe","DE",,"Bayern",,,"Regen",
"North America","US",,"Idaho",,,"Clearwater",
"North America","US",,"Connecticut",,,"Hartford",
"North America","US",,"South Carolina",,,"York",
"Europe","DE",,"Nordrhein-Westfalen",,,"Köln",
"North America","US",,"Utah",,,"Salt Lake",
"North America","US",,"New Mexico",,,"Rio Arriba",
"North America","US",,"Maryland",,,"Baltimore",
"North America","US",,"Michigan",,,"Oceana",
"North America","US",,"Tennessee",,,"Hamblen",
"Europe","IT",,,"Emilia Romagna","Piacenza",,
"North America","US",,"Florida",,,"Taylor",
"North America","US",,"Missouri",,,"Adair",
"North America","US",,"Virginia",,,"Albemarle",
"North America","US",,"PR",,,"Las Piedras",
"Europe","BE",,,"Wallonia","Namur","Namur",
"Europe","FR",,,"Basse-Normandie","Orne",,
"Europe","GB",,"Scotland",,"Aberdeenshire",,
"North America","US",,"Massachusetts",,,"Bristol",
"Europe","DE",,"Bayern",,,"Coburg",
"Europe","BE",,,"Wallonia","West-Vlaanderen","Kortrijk",
"North America","US",,"Texas",,,"Marion",
"North America","US",,"Virginia",,,"Richmond",
"Europe","DK",,,"Jylland","Nordjyllands amt",,
"North America","US",,"Michigan",,,"Washtenaw",
"Europe","DE",,"Sachsen-Anhalt",,,"Quedlinburg",
"North America","US",,"California",,,"Colusa",
"North America","US",,"Vermont",,,"Rutland",
"North America","US",,"Oklahoma",,,"Oklahoma",
"North America","US",,"Virginia",,,"Goochland",
"North America","US",,"Oregon",,,"Lane",
"North America","US",,"Oregon",,,"Douglas",
"Europe","DE",,"Nordrhein-Westfalen",,,"Bielefeld",
"Europe","ES",,,"Castilla Y Leon","Leon",,
"North America","US",,"South Dakota",,,"Pennington",
"North America","US",,"Illinois",,,"Mason",
"North America","US",,"California",,,"Santa Clara",
"North America","US",,"Kentucky",,,"Wolfe",
"North America","US",,"Ohio",,,"Montgomery",
"North America","US",,"Illinois",,,"Kankakee",
"North America","US",,"PR",,,"Juncos",
"North America","US",,"North Carolina",,,"Gaston",
"North America","US",,"Mississippi",,,"Harrison",
"North America","US",,"Missouri",,,"Polk",
"North America","US",,"Indiana",,,"Grant",
"North America","US",,"Florida",,,"Clay",
"Europe","IT",,,"Sicilia","Palermo",,
"North America","US",,"Texas",,,"Wilson",
"North America","US",,"Virginia",,,"Nottoway",
"North America","US",,"Florida",,,"Columbia",
"North America","US",,"New York",,,"Schenectady",
"Europe","BE",,,,"Oost-Vlaanderen","Gent",
"North America","US",,"Maryland",,,"Prince George'S",
"Europe","FR",,,"Franche-Comte","Doubs",,
"North America","US",,"Oklahoma",,,"Pittsburg",
"Europe","DE",,"Rheinland-Pfalz",,,"Frankenthal",
"Europe","IT",,,"Piemonte","Torino",,
"North America","US",,"Florida",,,"Bay",
"North America","US",,"New Hampshire",,,"Merrimack",
"North America","US",,"Illinois",,,"Peoria",
"North America","US",,"Pennsylvania",,,"Berks",
"Europe","GB",,"Wales",,"Clwyd",,
"North America","US",,"West Virginia",,,"Cabell",
"North America","US",,"New York",,,"Albany",
"Europe","DE",,"Nordrhein-Westfalen",,,"Herne",
"North America","US",,"Ohio",,,"Columbiana",
"North America","US",,"Michigan",,,"Houghton",
"North America","US",,"North Carolina",,,"Orange",
"North America","US",,"Oklahoma",,,"Mcclain",
"Europe","IT",,,"Sicilia","Catania",,
"Europe","IT",,,"Piemonte","Cuneo",,
"North America","US",,"Pennsylvania",,,"Philadelphia",
"North America","US",,"PR",,,"Juana Diaz",
"North America","US",,"PR",,,"Guaynabo",
"North America","US",,"Ohio",,,"Franklin",
"North America","US",,"New York",,,"Franklin",
"North America","US",,"Pennsylvania",,,"Union",
"North America","US",,"Tennessee",,,"Washington",
"North America","US",,"Minnesota",,,"Anoka",
"Europe","FR",,,"Franche-Comte","Jura",,
"North America","US",,"Colorado",,,"El Paso",
"Europe","IT",,,"Lazio","Roma",,
"North America","US",,"Indiana",,,"Howard",
"North America","US",,"Indiana",,,"Fountain",
"North America","US",,"Wisconsin",,,"Racine",
"North America","US",,"Indiana",,,"Tippecanoe",
"North America","US",,"Virginia",,,"Radford (City)",
"North America","US",,"Kentucky",,,"Washington",
"North America","US",,"Texas",,,"Willacy",
"North America","US",,"Ohio",,,"Hamilton",
"North America","US",,"Arkansas",,,"Faulkner",
"Europe","DE",,"Thüringen",,,"Ilmenau",
"North America","US",,"Wisconsin",,,"Kenosha",
"North America","US",,"Illinois",,,"Henry",